"Screen index","Type of item","Question","Answer options","Answer"
"0","QuestionnaireItemText","<b>Bitte geben Sie hier Ihre PIN ein:","undefined","mkb97"
"0","QuestionnaireItemText","<b>Wie alt sind Sie?","undefined","27"
"0","QuestionnaireItemDefinedOne","<b>Wie würden Sie Ihre Deutschkenntnisse einschätzen?","Muttersprache,C1/2 (Verhandlungssicher),B1/2 (Gesprächssicher),keine der genannten","Muttersprache"
"0","QuestionnaireItemText","Wenn Deutsch nicht Ihre Muttersprache ist: Was ist Ihre Muttersprache?","undefined",null
"0","QuestionnaireItemText","<b> Wie viele Stunden pro Woche telefonieren Sie übers Festnetz?","undefined","0"
"0","QuestionnaireItemText","<b> Wie viele Stunden pro Woche telefonieren Sie mit dem Handy?","undefined","0.1"
"0","QuestionnaireItemText","<b> Wie viele Stunden pro Woche telefonieren über das Internet (z.B. über Discord, Messenger-Apps wie Whatsapp)?","undefined","1"
"0","QuestionnaireItemText","<b> Wie viele Stunden pro Woche nutzen Sie Videoanrufe?","undefined","0"
"0","QuestionnaireItemSVGQuality7pt","<b>Wie sind Ihre bisherigen Erfahrungen mit den o.g. Telekommunikationsmitteln?","10-70","44"
"0","QuestionnaireItemText","<b> Wie viele Stunden pro Woche nutzen Sie Social Media?","undefined","14"
"0","QuestionnaireItemText","<b> Wie viele Stunden pro Woche nutzen Sie Online-Zeitungen?","undefined","0"
"0","QuestionnaireItemText","<b> Wie viele Stunden pro Woche nutzen Sie den Fernseher?","undefined","0"
"0","QuestionnaireItemText","<b> Wie viele Stunden pro Woche nutzen Sie das Radio?","undefined","0"
"0","QuestionnaireItemDefinedOne","<b>Haben Sie schon einmal an einem Hörtest/-experiment teilgenommen?","Ja,Nein","Nein"
"0","QuestionnaireItemText","Wenn Ja: Wann? (Jahr)","undefined",null
"0","QuestionnaireItemDefinedOne","<b>Haben Sie regelmäßig (z.B. über Ihre Arbeit) mit Audiotechnikverfahren/-forschung zu tun?","Ja,Nein","Nein"
"0","QuestionnaireItemDefinedOne","Wenn Nein: Hatten Sie früher einmal damit zu tun?","Ja,Nein","Nein"
"0","QuestionnaireItemText","Wenn Ja: Wann? (Jahr)","undefined",null
"0","QuestionnaireItemDefinedOne","<b>Haben Sie Konzentrations- oder Hörschwächen?","Ja,Nein","Nein"
"0","QuestionnaireItemDefinedOne","Wenn Ja: Benutzen Sie Hilfsmittel (z.B. Hörgerät, Medikamente)?","Ja,Nein",null
"0","QuestionnaireItemText","Wenn Ja: Welche? (Wenn Sie spezielle Medikamente einnehmen ist es ausreichend mit 'Medikamente' zu antworten)","undefined",null
"2","QuestionnaireItemMediaAudioRepeatable","<p> Wie bereits erwähnt wird die Audiodatei beim betreten der Seite direkt abgespielt. Mithilfe des 'Replay'-Knopfes können Sie die Audiodatei erneut abspielen. </p>","undefined",null
"2","QuestionnaireItemSVGQuality7pt","<h2>Gesamtqualität</h2> <p> Beschreibt wie angenehm und ansprechend der Klang insgesamt wahrgenommen wurde. Betrachten Sie Faktoren wie Klarheit, Präzision und klangliche Fülle. Dies sollte unabhängig von einzelnen Faktoren geschehen. </p>","10-70","60"
"2","QuestionnaireItemSVGQuality7pt","<h2>Klangfarbe</h2> <p> Beschreibt die Charakteristik oder den spezifischen Klang einer Probe. Betrachten Sie harmonische Eigenschaften, die Tonhöhenverteilung und andere Merkmale. Ist der Klang eher warm, kühl, lebhaft oder gedämpft? Ein guter Wert zeigt an, dass die Audio-Dateien authentisch und unverfälscht sind.</p>","10-70","30"
"2","QuestionnaireItemSVGQuality7pt","<h2>Diskontinuität</h2> <p> Beschreibt inwiefern Unterbrechungen, Sprünge oder Unregelmäßigkeiten in gegebenen Proben auftreten. Geringe Diskontinuität weist auf reibungslose Audio-Wiedergabe hin, während ein hoher Diskontinuitäts-Wert auf störende Brüche oder Sprünge im Klangverlauf verweisen würde. </p>","10-70","28"
"2","QuestionnaireItemSVGQuality7pt","<h2>Lautstärke</h2> <p> Beschreibt die subjektive Wahrnehmung der Stärke oder Intensität des Klangs in einer Probe. Eine angemessene Lautstärke ermöglicht eine klare Hörbarkeit. Ist die Lautstärke zu niedrig werden möglicherweise Details verschleiert. Bei einer zu hohen Lautstärke kann zu Verzerrungen kommen. </p>","10-70","23"
"2","QuestionnaireItemSVGQuality7pt","<h2>Rauschen</h2> <p> Beschreibt die Präsenz und Intensität von unerwünschten Hintergrundgeräuschen oder Störungen in einer Probe. Eine geringe Rauschintensität wird positiv bewertet, da sie zu einem klaren und sauberen Klang beiträgt. Im Gegensatz dazu kann starkes Rauschen die Wahrnehmung von Details beeinträchtigen und das Hörerlebnis stören. </p>","10-70","20"
"3","QuestionnaireItemMediaAudioRepeatable","<p> Wie bereits erwähnt wird die Audiodatei beim betreten der Seite direkt abgespielt. Mithilfe des 'Replay'-Knopfes können Sie die Audiodatei erneut abspielen. </p>","undefined",null
"3","QuestionnaireItemSVGQuality7pt","<h2>Gesamtqualität</h2> <p> Beschreibt wie angenehm und ansprechend der Klang insgesamt wahrgenommen wurde. Betrachten Sie Faktoren wie Klarheit, Präzision und klangliche Fülle. Dies sollte unabhängig von einzelnen Faktoren geschehen. </p>","10-70","38"
"3","QuestionnaireItemSVGQuality7pt","<h2>Klangfarbe</h2> <p> Beschreibt die Charakteristik oder den spezifischen Klang einer Probe. Betrachten Sie harmonische Eigenschaften, die Tonhöhenverteilung und andere Merkmale. Ist der Klang eher warm, kühl, lebhaft oder gedämpft? Ein guter Wert zeigt an, dass die Audio-Dateien authentisch und unverfälscht sind.</p>","10-70","50"
"3","QuestionnaireItemSVGQuality7pt","<h2>Diskontinuität</h2> <p> Beschreibt inwiefern Unterbrechungen, Sprünge oder Unregelmäßigkeiten in gegebenen Proben auftreten. Geringe Diskontinuität weist auf reibungslose Audio-Wiedergabe hin, während ein hoher Diskontinuitäts-Wert auf störende Brüche oder Sprünge im Klangverlauf verweisen würde. </p>","10-70","20"
"3","QuestionnaireItemSVGQuality7pt","<h2>Lautstärke</h2> <p> Beschreibt die subjektive Wahrnehmung der Stärke oder Intensität des Klangs in einer Probe. Eine angemessene Lautstärke ermöglicht eine klare Hörbarkeit. Ist die Lautstärke zu niedrig werden möglicherweise Details verschleiert. Bei einer zu hohen Lautstärke kann zu Verzerrungen kommen. </p>","10-70","20"
"3","QuestionnaireItemSVGQuality7pt","<h2>Rauschen</h2> <p> Beschreibt die Präsenz und Intensität von unerwünschten Hintergrundgeräuschen oder Störungen in einer Probe. Eine geringe Rauschintensität wird positiv bewertet, da sie zu einem klaren und sauberen Klang beiträgt. Im Gegensatz dazu kann starkes Rauschen die Wahrnehmung von Details beeinträchtigen und das Hörerlebnis stören. </p>","10-70","50"
"4","QuestionnaireItemMediaAudioRepeatable","<p> Wie bereits erwähnt wird die Audiodatei beim betreten der Seite direkt abgespielt. Mithilfe des 'Replay'-Knopfes können Sie die Audiodatei erneut abspielen. </p>","undefined",null
"4","QuestionnaireItemSVGQuality7pt","<h2>Gesamtqualität</h2> <p> Beschreibt wie angenehm und ansprechend der Klang insgesamt wahrgenommen wurde. Betrachten Sie Faktoren wie Klarheit, Präzision und klangliche Fülle. Dies sollte unabhängig von einzelnen Faktoren geschehen. </p>","10-70","50"
"4","QuestionnaireItemSVGQuality7pt","<h2>Klangfarbe</h2> <p> Beschreibt die Charakteristik oder den spezifischen Klang einer Probe. Betrachten Sie harmonische Eigenschaften, die Tonhöhenverteilung und andere Merkmale. Ist der Klang eher warm, kühl, lebhaft oder gedämpft? Ein guter Wert zeigt an, dass die Audio-Dateien authentisch und unverfälscht sind.</p>","10-70","30"
"4","QuestionnaireItemSVGQuality7pt","<h2>Diskontinuität</h2> <p> Beschreibt inwiefern Unterbrechungen, Sprünge oder Unregelmäßigkeiten in gegebenen Proben auftreten. Geringe Diskontinuität weist auf reibungslose Audio-Wiedergabe hin, während ein hoher Diskontinuitäts-Wert auf störende Brüche oder Sprünge im Klangverlauf verweisen würde. </p>","10-70","22"
"4","QuestionnaireItemSVGQuality7pt","<h2>Lautstärke</h2> <p> Beschreibt die subjektive Wahrnehmung der Stärke oder Intensität des Klangs in einer Probe. Eine angemessene Lautstärke ermöglicht eine klare Hörbarkeit. Ist die Lautstärke zu niedrig werden möglicherweise Details verschleiert. Bei einer zu hohen Lautstärke kann zu Verzerrungen kommen. </p>","10-70","46"
"4","QuestionnaireItemSVGQuality7pt","<h2>Rauschen</h2> <p> Beschreibt die Präsenz und Intensität von unerwünschten Hintergrundgeräuschen oder Störungen in einer Probe. Eine geringe Rauschintensität wird positiv bewertet, da sie zu einem klaren und sauberen Klang beiträgt. Im Gegensatz dazu kann starkes Rauschen die Wahrnehmung von Details beeinträchtigen und das Hörerlebnis stören. </p>","10-70","20"
"5","QuestionnaireItemMediaAudioRepeatable","<p> Wie bereits erwähnt wird die Audiodatei beim betreten der Seite direkt abgespielt. Mithilfe des 'Replay'-Knopfes können Sie die Audiodatei erneut abspielen. </p>","undefined",null
"5","QuestionnaireItemSVGQuality7pt","<h2>Gesamtqualität</h2> <p> Beschreibt wie angenehm und ansprechend der Klang insgesamt wahrgenommen wurde. Betrachten Sie Faktoren wie Klarheit, Präzision und klangliche Fülle. Dies sollte unabhängig von einzelnen Faktoren geschehen. </p>","10-70","42"
"5","QuestionnaireItemSVGQuality7pt","<h2>Klangfarbe</h2> <p> Beschreibt die Charakteristik oder den spezifischen Klang einer Probe. Betrachten Sie harmonische Eigenschaften, die Tonhöhenverteilung und andere Merkmale. Ist der Klang eher warm, kühl, lebhaft oder gedämpft? Ein guter Wert zeigt an, dass die Audio-Dateien authentisch und unverfälscht sind.</p>","10-70","50"
"5","QuestionnaireItemSVGQuality7pt","<h2>Diskontinuität</h2> <p> Beschreibt inwiefern Unterbrechungen, Sprünge oder Unregelmäßigkeiten in gegebenen Proben auftreten. Geringe Diskontinuität weist auf reibungslose Audio-Wiedergabe hin, während ein hoher Diskontinuitäts-Wert auf störende Brüche oder Sprünge im Klangverlauf verweisen würde. </p>","10-70","30"
"5","QuestionnaireItemSVGQuality7pt","<h2>Lautstärke</h2> <p> Beschreibt die subjektive Wahrnehmung der Stärke oder Intensität des Klangs in einer Probe. Eine angemessene Lautstärke ermöglicht eine klare Hörbarkeit. Ist die Lautstärke zu niedrig werden möglicherweise Details verschleiert. Bei einer zu hohen Lautstärke kann zu Verzerrungen kommen. </p>","10-70","30"
"5","QuestionnaireItemSVGQuality7pt","<h2>Rauschen</h2> <p> Beschreibt die Präsenz und Intensität von unerwünschten Hintergrundgeräuschen oder Störungen in einer Probe. Eine geringe Rauschintensität wird positiv bewertet, da sie zu einem klaren und sauberen Klang beiträgt. Im Gegensatz dazu kann starkes Rauschen die Wahrnehmung von Details beeinträchtigen und das Hörerlebnis stören. </p>","10-70","32"
"6","QuestionnaireItemMediaAudioRepeatable","<p> Wie bereits erwähnt wird die Audiodatei beim betreten der Seite direkt abgespielt. Mithilfe des 'Replay'-Knopfes können Sie die Audiodatei erneut abspielen. </p>","undefined",null
"6","QuestionnaireItemSVGQuality7pt","<h2>Gesamtqualität</h2> <p> Beschreibt wie angenehm und ansprechend der Klang insgesamt wahrgenommen wurde. Betrachten Sie Faktoren wie Klarheit, Präzision und klangliche Fülle. Dies sollte unabhängig von einzelnen Faktoren geschehen. </p>","10-70","56"
"6","QuestionnaireItemSVGQuality7pt","<h2>Klangfarbe</h2> <p> Beschreibt die Charakteristik oder den spezifischen Klang einer Probe. Betrachten Sie harmonische Eigenschaften, die Tonhöhenverteilung und andere Merkmale. Ist der Klang eher warm, kühl, lebhaft oder gedämpft? Ein guter Wert zeigt an, dass die Audio-Dateien authentisch und unverfälscht sind.</p>","10-70","28"
"6","QuestionnaireItemSVGQuality7pt","<h2>Diskontinuität</h2> <p> Beschreibt inwiefern Unterbrechungen, Sprünge oder Unregelmäßigkeiten in gegebenen Proben auftreten. Geringe Diskontinuität weist auf reibungslose Audio-Wiedergabe hin, während ein hoher Diskontinuitäts-Wert auf störende Brüche oder Sprünge im Klangverlauf verweisen würde. </p>","10-70","24"
"6","QuestionnaireItemSVGQuality7pt","<h2>Lautstärke</h2> <p> Beschreibt die subjektive Wahrnehmung der Stärke oder Intensität des Klangs in einer Probe. Eine angemessene Lautstärke ermöglicht eine klare Hörbarkeit. Ist die Lautstärke zu niedrig werden möglicherweise Details verschleiert. Bei einer zu hohen Lautstärke kann zu Verzerrungen kommen. </p>","10-70","30"
"6","QuestionnaireItemSVGQuality7pt","<h2>Rauschen</h2> <p> Beschreibt die Präsenz und Intensität von unerwünschten Hintergrundgeräuschen oder Störungen in einer Probe. Eine geringe Rauschintensität wird positiv bewertet, da sie zu einem klaren und sauberen Klang beiträgt. Im Gegensatz dazu kann starkes Rauschen die Wahrnehmung von Details beeinträchtigen und das Hörerlebnis stören. </p>","10-70","20"
"7","QuestionnaireItemMediaAudioRepeatable","<p> Wie bereits erwähnt wird die Audiodatei beim betreten der Seite direkt abgespielt. Mithilfe des 'Replay'-Knopfes können Sie die Audiodatei erneut abspielen. </p>","undefined",null
"7","QuestionnaireItemSVGQuality7pt","<h2>Gesamtqualität</h2> <p> Beschreibt wie angenehm und ansprechend der Klang insgesamt wahrgenommen wurde. Betrachten Sie Faktoren wie Klarheit, Präzision und klangliche Fülle. Dies sollte unabhängig von einzelnen Faktoren geschehen. </p>","10-70","34"
"7","QuestionnaireItemSVGQuality7pt","<h2>Klangfarbe</h2> <p> Beschreibt die Charakteristik oder den spezifischen Klang einer Probe. Betrachten Sie harmonische Eigenschaften, die Tonhöhenverteilung und andere Merkmale. Ist der Klang eher warm, kühl, lebhaft oder gedämpft? Ein guter Wert zeigt an, dass die Audio-Dateien authentisch und unverfälscht sind.</p>","10-70","47"
"7","QuestionnaireItemSVGQuality7pt","<h2>Diskontinuität</h2> <p> Beschreibt inwiefern Unterbrechungen, Sprünge oder Unregelmäßigkeiten in gegebenen Proben auftreten. Geringe Diskontinuität weist auf reibungslose Audio-Wiedergabe hin, während ein hoher Diskontinuitäts-Wert auf störende Brüche oder Sprünge im Klangverlauf verweisen würde. </p>","10-70","37"
"7","QuestionnaireItemSVGQuality7pt","<h2>Lautstärke</h2> <p> Beschreibt die subjektive Wahrnehmung der Stärke oder Intensität des Klangs in einer Probe. Eine angemessene Lautstärke ermöglicht eine klare Hörbarkeit. Ist die Lautstärke zu niedrig werden möglicherweise Details verschleiert. Bei einer zu hohen Lautstärke kann zu Verzerrungen kommen. </p>","10-70","32"
"7","QuestionnaireItemSVGQuality7pt","<h2>Rauschen</h2> <p> Beschreibt die Präsenz und Intensität von unerwünschten Hintergrundgeräuschen oder Störungen in einer Probe. Eine geringe Rauschintensität wird positiv bewertet, da sie zu einem klaren und sauberen Klang beiträgt. Im Gegensatz dazu kann starkes Rauschen die Wahrnehmung von Details beeinträchtigen und das Hörerlebnis stören. </p>","10-70","50"
"9","QuestionnaireItemMediaAudioRepeatable","<div class='invisible'> FileName: M2_C48.wav Type: Normal</div>","undefined",null
"9","QuestionnaireItemSVGQuality7pt","<h2>Gesamtqualität</h2> Bitte bewerten Sie die Gesamtqualität der Audiodatei.","10-70","38"
"9","QuestionnaireItemSVGQuality7pt","<h2>Klangfarbe</h2> Bitte bewerten Sie die Klangfarbe der Audiodatei.","10-70","46"
"9","QuestionnaireItemSVGQuality7pt","<h2>Diskontinuität</h2> Bitte bewerten Sie die Diskontinuität der Audiodatei.","10-70","28"
"9","QuestionnaireItemSVGQuality7pt","<h2>Lautstärke</h2> Bitte bewerten Sie die Lautstärke der Audiodatei.","10-70","38"
"9","QuestionnaireItemSVGQuality7pt","<h2>Rauschen</h2> Bitte bewerten Sie das Rauschen der Audiodatei.","10-70","44"
"10","QuestionnaireItemMediaAudioRepeatable","<div class='invisible'> FileName: M2_C08.wav Type: Normal</div>","undefined",null
"10","QuestionnaireItemSVGQuality7pt","<h2>Gesamtqualität</h2> Bitte bewerten Sie die Gesamtqualität der Audiodatei.","10-70","32"
"10","QuestionnaireItemSVGQuality7pt","<h2>Klangfarbe</h2> Bitte bewerten Sie die Klangfarbe der Audiodatei.","10-70","40"
"10","QuestionnaireItemSVGQuality7pt","<h2>Diskontinuität</h2> Bitte bewerten Sie die Diskontinuität der Audiodatei.","10-70","47"
"10","QuestionnaireItemSVGQuality7pt","<h2>Lautstärke</h2> Bitte bewerten Sie die Lautstärke der Audiodatei.","10-70","38"
"10","QuestionnaireItemSVGQuality7pt","<h2>Rauschen</h2> Bitte bewerten Sie das Rauschen der Audiodatei.","10-70","40"
"11","QuestionnaireItemMediaAudioRepeatable","<div class='invisible'> FileName: F2_C56.wav Type: Normal</div>","undefined",null
"11","QuestionnaireItemSVGQuality7pt","<h2>Gesamtqualität</h2> Bitte bewerten Sie die Gesamtqualität der Audiodatei.","10-70","34"
"11","QuestionnaireItemSVGQuality7pt","<h2>Klangfarbe</h2> Bitte bewerten Sie die Klangfarbe der Audiodatei.","10-70","46"
"11","QuestionnaireItemSVGQuality7pt","<h2>Diskontinuität</h2> Bitte bewerten Sie die Diskontinuität der Audiodatei.","10-70","40"
"11","QuestionnaireItemSVGQuality7pt","<h2>Lautstärke</h2> Bitte bewerten Sie die Lautstärke der Audiodatei.","10-70","31"
"11","QuestionnaireItemSVGQuality7pt","<h2>Rauschen</h2> Bitte bewerten Sie das Rauschen der Audiodatei.","10-70","34"
"12","QuestionnaireItemMediaAudioRepeatable","<div class='invisible'> FileName: M2_C33.wav Type: Normal</div>","undefined",null
"12","QuestionnaireItemSVGQuality7pt","<h2>Gesamtqualität</h2> Bitte bewerten Sie die Gesamtqualität der Audiodatei.","10-70","45"
"12","QuestionnaireItemSVGQuality7pt","<h2>Klangfarbe</h2> Bitte bewerten Sie die Klangfarbe der Audiodatei.","10-70","42"
"12","QuestionnaireItemSVGQuality7pt","<h2>Diskontinuität</h2> Bitte bewerten Sie die Diskontinuität der Audiodatei.","10-70","23"
"12","QuestionnaireItemSVGQuality7pt","<h2>Lautstärke</h2> Bitte bewerten Sie die Lautstärke der Audiodatei.","10-70","35"
"12","QuestionnaireItemSVGQuality7pt","<h2>Rauschen</h2> Bitte bewerten Sie das Rauschen der Audiodatei.","10-70","42"
"13","QuestionnaireItemMediaAudioRepeatable","<div class='invisible'> FileName: F2_C06.wav Type: Normal</div>","undefined",null
"13","QuestionnaireItemSVGQuality7pt","<h2>Gesamtqualität</h2> Bitte bewerten Sie die Gesamtqualität der Audiodatei.","10-70","42"
"13","QuestionnaireItemSVGQuality7pt","<h2>Klangfarbe</h2> Bitte bewerten Sie die Klangfarbe der Audiodatei.","10-70","25"
"13","QuestionnaireItemSVGQuality7pt","<h2>Diskontinuität</h2> Bitte bewerten Sie die Diskontinuität der Audiodatei.","10-70","20"
"13","QuestionnaireItemSVGQuality7pt","<h2>Lautstärke</h2> Bitte bewerten Sie die Lautstärke der Audiodatei.","10-70","27"
"13","QuestionnaireItemSVGQuality7pt","<h2>Rauschen</h2> Bitte bewerten Sie das Rauschen der Audiodatei.","10-70","20"
"14","QuestionnaireItemMediaAudioRepeatable","<div class='invisible'> FileName: F2_C57.wav Type: Normal</div>","undefined",null
"14","QuestionnaireItemSVGQuality7pt","<h2>Gesamtqualität</h2> Bitte bewerten Sie die Gesamtqualität der Audiodatei.","10-70","35"
"14","QuestionnaireItemSVGQuality7pt","<h2>Klangfarbe</h2> Bitte bewerten Sie die Klangfarbe der Audiodatei.","10-70","50"
"14","QuestionnaireItemSVGQuality7pt","<h2>Diskontinuität</h2> Bitte bewerten Sie die Diskontinuität der Audiodatei.","10-70","50"
"14","QuestionnaireItemSVGQuality7pt","<h2>Lautstärke</h2> Bitte bewerten Sie die Lautstärke der Audiodatei.","10-70","30"
"14","QuestionnaireItemSVGQuality7pt","<h2>Rauschen</h2> Bitte bewerten Sie das Rauschen der Audiodatei.","10-70","22"
"15","QuestionnaireItemMediaAudioRepeatable","<div class='invisible'> FileName: M1_C02.wav Type: Normal</div>","undefined",null
"15","QuestionnaireItemSVGQuality7pt","<h2>Gesamtqualität</h2> Bitte bewerten Sie die Gesamtqualität der Audiodatei.","10-70","34"
"15","QuestionnaireItemSVGQuality7pt","<h2>Klangfarbe</h2> Bitte bewerten Sie die Klangfarbe der Audiodatei.","10-70","30"
"15","QuestionnaireItemSVGQuality7pt","<h2>Diskontinuität</h2> Bitte bewerten Sie die Diskontinuität der Audiodatei.","10-70","30"
"15","QuestionnaireItemSVGQuality7pt","<h2>Lautstärke</h2> Bitte bewerten Sie die Lautstärke der Audiodatei.","10-70","26"
"15","QuestionnaireItemSVGQuality7pt","<h2>Rauschen</h2> Bitte bewerten Sie das Rauschen der Audiodatei.","10-70","50"
"16","QuestionnaireItemMediaAudioRepeatable","<div class='invisible'> FileName: F2_C31.wav Type: Normal</div>","undefined",null
"16","QuestionnaireItemSVGQuality7pt","<h2>Gesamtqualität</h2> Bitte bewerten Sie die Gesamtqualität der Audiodatei.","10-70","36"
"16","QuestionnaireItemSVGQuality7pt","<h2>Klangfarbe</h2> Bitte bewerten Sie die Klangfarbe der Audiodatei.","10-70","30"
"16","QuestionnaireItemSVGQuality7pt","<h2>Diskontinuität</h2> Bitte bewerten Sie die Diskontinuität der Audiodatei.","10-70","33"
"16","QuestionnaireItemSVGQuality7pt","<h2>Lautstärke</h2> Bitte bewerten Sie die Lautstärke der Audiodatei.","10-70","30"
"16","QuestionnaireItemSVGQuality7pt","<h2>Rauschen</h2> Bitte bewerten Sie das Rauschen der Audiodatei.","10-70","40"
"17","QuestionnaireItemMediaAudioRepeatable","<div class='invisible'> FileName: F1_C14.wav Type: Normal</div>","undefined",null
"17","QuestionnaireItemSVGQuality7pt","<h2>Gesamtqualität</h2> Bitte bewerten Sie die Gesamtqualität der Audiodatei.","10-70","36"
"17","QuestionnaireItemSVGQuality7pt","<h2>Klangfarbe</h2> Bitte bewerten Sie die Klangfarbe der Audiodatei.","10-70","30"
"17","QuestionnaireItemSVGQuality7pt","<h2>Diskontinuität</h2> Bitte bewerten Sie die Diskontinuität der Audiodatei.","10-70","36"
"17","QuestionnaireItemSVGQuality7pt","<h2>Lautstärke</h2> Bitte bewerten Sie die Lautstärke der Audiodatei.","10-70","24"
"17","QuestionnaireItemSVGQuality7pt","<h2>Rauschen</h2> Bitte bewerten Sie das Rauschen der Audiodatei.","10-70","21"
"18","QuestionnaireItemMediaAudioRepeatable","<div class='invisible'> FileName: F1_C49.wav Type: Normal</div>","undefined",null
"18","QuestionnaireItemSVGQuality7pt","<h2>Gesamtqualität</h2> Bitte bewerten Sie die Gesamtqualität der Audiodatei.","10-70","34"
"18","QuestionnaireItemSVGQuality7pt","<h2>Klangfarbe</h2> Bitte bewerten Sie die Klangfarbe der Audiodatei.","10-70","48"
"18","QuestionnaireItemSVGQuality7pt","<h2>Diskontinuität</h2> Bitte bewerten Sie die Diskontinuität der Audiodatei.","10-70","40"
"18","QuestionnaireItemSVGQuality7pt","<h2>Lautstärke</h2> Bitte bewerten Sie die Lautstärke der Audiodatei.","10-70","30"
"18","QuestionnaireItemSVGQuality7pt","<h2>Rauschen</h2> Bitte bewerten Sie das Rauschen der Audiodatei.","10-70","45"
"19","QuestionnaireItemMediaAudioRepeatable","<div class='invisible'> FileName: M2_C10.wav Type: Normal</div>","undefined",null
"19","QuestionnaireItemSVGQuality7pt","<h2>Gesamtqualität</h2> Bitte bewerten Sie die Gesamtqualität der Audiodatei.","10-70","32"
"19","QuestionnaireItemSVGQuality7pt","<h2>Klangfarbe</h2> Bitte bewerten Sie die Klangfarbe der Audiodatei.","10-70","50"
"19","QuestionnaireItemSVGQuality7pt","<h2>Diskontinuität</h2> Bitte bewerten Sie die Diskontinuität der Audiodatei.","10-70","34"
"19","QuestionnaireItemSVGQuality7pt","<h2>Lautstärke</h2> Bitte bewerten Sie die Lautstärke der Audiodatei.","10-70","32"
"19","QuestionnaireItemSVGQuality7pt","<h2>Rauschen</h2> Bitte bewerten Sie das Rauschen der Audiodatei.","10-70","54"
"20","QuestionnaireItemMediaAudioRepeatable","<div class='invisible'> FileName: M1_C56.wav Type: Normal</div>","undefined",null
"20","QuestionnaireItemSVGQuality7pt","<h2>Gesamtqualität</h2> Bitte bewerten Sie die Gesamtqualität der Audiodatei.","10-70","30"
"20","QuestionnaireItemSVGQuality7pt","<h2>Klangfarbe</h2> Bitte bewerten Sie die Klangfarbe der Audiodatei.","10-70","51"
"20","QuestionnaireItemSVGQuality7pt","<h2>Diskontinuität</h2> Bitte bewerten Sie die Diskontinuität der Audiodatei.","10-70","49"
"20","QuestionnaireItemSVGQuality7pt","<h2>Lautstärke</h2> Bitte bewerten Sie die Lautstärke der Audiodatei.","10-70","30"
"20","QuestionnaireItemSVGQuality7pt","<h2>Rauschen</h2> Bitte bewerten Sie das Rauschen der Audiodatei.","10-70","25"
"21","QuestionnaireItemMediaAudioRepeatable","<div class='invisible'> FileName: F2_C07.wav Type: Normal</div>","undefined",null
"21","QuestionnaireItemSVGQuality7pt","<h2>Gesamtqualität</h2> Bitte bewerten Sie die Gesamtqualität der Audiodatei.","10-70","39"
"21","QuestionnaireItemSVGQuality7pt","<h2>Klangfarbe</h2> Bitte bewerten Sie die Klangfarbe der Audiodatei.","10-70","48"
"21","QuestionnaireItemSVGQuality7pt","<h2>Diskontinuität</h2> Bitte bewerten Sie die Diskontinuität der Audiodatei.","10-70","30"
"21","QuestionnaireItemSVGQuality7pt","<h2>Lautstärke</h2> Bitte bewerten Sie die Lautstärke der Audiodatei.","10-70","27"
"21","QuestionnaireItemSVGQuality7pt","<h2>Rauschen</h2> Bitte bewerten Sie das Rauschen der Audiodatei.","10-70","24"
"22","QuestionnaireItemMediaAudioRepeatable","<div class='invisible'> FileName: M1_C25.wav Type: Normal</div>","undefined",null
"22","QuestionnaireItemSVGQuality7pt","<h2>Gesamtqualität</h2> Bitte bewerten Sie die Gesamtqualität der Audiodatei.","10-70","37"
"22","QuestionnaireItemSVGQuality7pt","<h2>Klangfarbe</h2> Bitte bewerten Sie die Klangfarbe der Audiodatei.","10-70","40"
"22","QuestionnaireItemSVGQuality7pt","<h2>Diskontinuität</h2> Bitte bewerten Sie die Diskontinuität der Audiodatei.","10-70","30"
"22","QuestionnaireItemSVGQuality7pt","<h2>Lautstärke</h2> Bitte bewerten Sie die Lautstärke der Audiodatei.","10-70","26"
"22","QuestionnaireItemSVGQuality7pt","<h2>Rauschen</h2> Bitte bewerten Sie das Rauschen der Audiodatei.","10-70","22"
"23","QuestionnaireItemMediaAudioRepeatable","<div class='invisible'> FileName: F2_C09.wav Type: Normal</div>","undefined",null
"23","QuestionnaireItemSVGQuality7pt","<h2>Gesamtqualität</h2> Bitte bewerten Sie die Gesamtqualität der Audiodatei.","10-70","50"
"23","QuestionnaireItemSVGQuality7pt","<h2>Klangfarbe</h2> Bitte bewerten Sie die Klangfarbe der Audiodatei.","10-70","46"
"23","QuestionnaireItemSVGQuality7pt","<h2>Diskontinuität</h2> Bitte bewerten Sie die Diskontinuität der Audiodatei.","10-70","22"
"23","QuestionnaireItemSVGQuality7pt","<h2>Lautstärke</h2> Bitte bewerten Sie die Lautstärke der Audiodatei.","10-70","28"
"23","QuestionnaireItemSVGQuality7pt","<h2>Rauschen</h2> Bitte bewerten Sie das Rauschen der Audiodatei.","10-70","21"
"24","QuestionnaireItemMediaAudioRepeatable","<div class='invisible'> FileName: F2_C51.wav Type: Normal</div>","undefined",null
"24","QuestionnaireItemSVGQuality7pt","<h2>Gesamtqualität</h2> Bitte bewerten Sie die Gesamtqualität der Audiodatei.","10-70","35"
"24","QuestionnaireItemSVGQuality7pt","<h2>Klangfarbe</h2> Bitte bewerten Sie die Klangfarbe der Audiodatei.","10-70","52"
"24","QuestionnaireItemSVGQuality7pt","<h2>Diskontinuität</h2> Bitte bewerten Sie die Diskontinuität der Audiodatei.","10-70","26"
"24","QuestionnaireItemSVGQuality7pt","<h2>Lautstärke</h2> Bitte bewerten Sie die Lautstärke der Audiodatei.","10-70","28"
"24","QuestionnaireItemSVGQuality7pt","<h2>Rauschen</h2> Bitte bewerten Sie das Rauschen der Audiodatei.","10-70","55"
"25","QuestionnaireItemMediaAudioRepeatable","<div class='invisible'> FileName: F1_C42.wav Type: Normal</div>","undefined",null
"25","QuestionnaireItemSVGQuality7pt","<h2>Gesamtqualität</h2> Bitte bewerten Sie die Gesamtqualität der Audiodatei.","10-70","46"
"25","QuestionnaireItemSVGQuality7pt","<h2>Klangfarbe</h2> Bitte bewerten Sie die Klangfarbe der Audiodatei.","10-70","26"
"25","QuestionnaireItemSVGQuality7pt","<h2>Diskontinuität</h2> Bitte bewerten Sie die Diskontinuität der Audiodatei.","10-70","27"
"25","QuestionnaireItemSVGQuality7pt","<h2>Lautstärke</h2> Bitte bewerten Sie die Lautstärke der Audiodatei.","10-70","25"
"25","QuestionnaireItemSVGQuality7pt","<h2>Rauschen</h2> Bitte bewerten Sie das Rauschen der Audiodatei.","10-70","20"
"26","QuestionnaireItemMediaAudioRepeatable","<div class='invisible'> FileName: F2_C36.wav Type: Normal</div>","undefined",null
"26","QuestionnaireItemSVGQuality7pt","<h2>Gesamtqualität</h2> Bitte bewerten Sie die Gesamtqualität der Audiodatei.","10-70","38"
"26","QuestionnaireItemSVGQuality7pt","<h2>Klangfarbe</h2> Bitte bewerten Sie die Klangfarbe der Audiodatei.","10-70","44"
"26","QuestionnaireItemSVGQuality7pt","<h2>Diskontinuität</h2> Bitte bewerten Sie die Diskontinuität der Audiodatei.","10-70","34"
"26","QuestionnaireItemSVGQuality7pt","<h2>Lautstärke</h2> Bitte bewerten Sie die Lautstärke der Audiodatei.","10-70","35"
"26","QuestionnaireItemSVGQuality7pt","<h2>Rauschen</h2> Bitte bewerten Sie das Rauschen der Audiodatei.","10-70","21"
"27","QuestionnaireItemMediaAudioRepeatable","<div class='invisible'> FileName: M1_C11.wav Type: Normal</div>","undefined",null
"27","QuestionnaireItemSVGQuality7pt","<h2>Gesamtqualität</h2> Bitte bewerten Sie die Gesamtqualität der Audiodatei.","10-70","30"
"27","QuestionnaireItemSVGQuality7pt","<h2>Klangfarbe</h2> Bitte bewerten Sie die Klangfarbe der Audiodatei.","10-70","50"
"27","QuestionnaireItemSVGQuality7pt","<h2>Diskontinuität</h2> Bitte bewerten Sie die Diskontinuität der Audiodatei.","10-70","31"
"27","QuestionnaireItemSVGQuality7pt","<h2>Lautstärke</h2> Bitte bewerten Sie die Lautstärke der Audiodatei.","10-70","27"
"27","QuestionnaireItemSVGQuality7pt","<h2>Rauschen</h2> Bitte bewerten Sie das Rauschen der Audiodatei.","10-70","32"
"28","QuestionnaireItemMediaAudioRepeatable","<div class='invisible'> FileName: M1_C32.wav Type: Normal</div>","undefined",null
"28","QuestionnaireItemSVGQuality7pt","<h2>Gesamtqualität</h2> Bitte bewerten Sie die Gesamtqualität der Audiodatei.","10-70","50"
"28","QuestionnaireItemSVGQuality7pt","<h2>Klangfarbe</h2> Bitte bewerten Sie die Klangfarbe der Audiodatei.","10-70","24"
"28","QuestionnaireItemSVGQuality7pt","<h2>Diskontinuität</h2> Bitte bewerten Sie die Diskontinuität der Audiodatei.","10-70","20"
"28","QuestionnaireItemSVGQuality7pt","<h2>Lautstärke</h2> Bitte bewerten Sie die Lautstärke der Audiodatei.","10-70","24"
"28","QuestionnaireItemSVGQuality7pt","<h2>Rauschen</h2> Bitte bewerten Sie das Rauschen der Audiodatei.","10-70","20"
"29","QuestionnaireItemMediaAudioRepeatable","<div class='invisible'> FileName: M2_C24.wav Type: Normal</div>","undefined",null
"29","QuestionnaireItemSVGQuality7pt","<h2>Gesamtqualität</h2> Bitte bewerten Sie die Gesamtqualität der Audiodatei.","10-70","26"
"29","QuestionnaireItemSVGQuality7pt","<h2>Klangfarbe</h2> Bitte bewerten Sie die Klangfarbe der Audiodatei.","10-70","55"
"29","QuestionnaireItemSVGQuality7pt","<h2>Diskontinuität</h2> Bitte bewerten Sie die Diskontinuität der Audiodatei.","10-70","27"
"29","QuestionnaireItemSVGQuality7pt","<h2>Lautstärke</h2> Bitte bewerten Sie die Lautstärke der Audiodatei.","10-70","28"
"29","QuestionnaireItemSVGQuality7pt","<h2>Rauschen</h2> Bitte bewerten Sie das Rauschen der Audiodatei.","10-70","22"
"30","QuestionnaireItemMediaAudioRepeatable","<div class='invisible'> FileName: F2_C50.wav Type: Normal</div>","undefined",null
"30","QuestionnaireItemSVGQuality7pt","<h2>Gesamtqualität</h2> Bitte bewerten Sie die Gesamtqualität der Audiodatei.","10-70","37"
"30","QuestionnaireItemSVGQuality7pt","<h2>Klangfarbe</h2> Bitte bewerten Sie die Klangfarbe der Audiodatei.","10-70","45"
"30","QuestionnaireItemSVGQuality7pt","<h2>Diskontinuität</h2> Bitte bewerten Sie die Diskontinuität der Audiodatei.","10-70","24"
"30","QuestionnaireItemSVGQuality7pt","<h2>Lautstärke</h2> Bitte bewerten Sie die Lautstärke der Audiodatei.","10-70","27"
"30","QuestionnaireItemSVGQuality7pt","<h2>Rauschen</h2> Bitte bewerten Sie das Rauschen der Audiodatei.","10-70","30"
"31","QuestionnaireItemMediaAudioRepeatable","<div class='invisible'> FileName: M1_C20.wav Type: Normal</div>","undefined",null
"31","QuestionnaireItemSVGQuality7pt","<h2>Gesamtqualität</h2> Bitte bewerten Sie die Gesamtqualität der Audiodatei.","10-70","56"
"31","QuestionnaireItemSVGQuality7pt","<h2>Klangfarbe</h2> Bitte bewerten Sie die Klangfarbe der Audiodatei.","10-70","30"
"31","QuestionnaireItemSVGQuality7pt","<h2>Diskontinuität</h2> Bitte bewerten Sie die Diskontinuität der Audiodatei.","10-70","20"
"31","QuestionnaireItemSVGQuality7pt","<h2>Lautstärke</h2> Bitte bewerten Sie die Lautstärke der Audiodatei.","10-70","24"
"31","QuestionnaireItemSVGQuality7pt","<h2>Rauschen</h2> Bitte bewerten Sie das Rauschen der Audiodatei.","10-70","20"
"32","QuestionnaireItemMediaAudioRepeatable","<div class='invisible'> FileName: F2_C01.wav Type: Gold</div>","undefined",null
"32","QuestionnaireItemSVGQuality7pt","<h2>Gesamtqualität</h2> Bitte bewerten Sie die Gesamtqualität der Audiodatei.","10-70","40"
"32","QuestionnaireItemSVGQuality7pt","<h2>Klangfarbe</h2> Bitte bewerten Sie die Klangfarbe der Audiodatei.","10-70","46"
"32","QuestionnaireItemSVGQuality7pt","<h2>Diskontinuität</h2> Bitte bewerten Sie die Diskontinuität der Audiodatei.","10-70","20"
"32","QuestionnaireItemSVGQuality7pt","<h2>Lautstärke</h2> Bitte bewerten Sie die Lautstärke der Audiodatei.","10-70","32"
"32","QuestionnaireItemSVGQuality7pt","<h2>Rauschen</h2> Bitte bewerten Sie das Rauschen der Audiodatei.","10-70","20"
"33","QuestionnaireItemMediaAudioRepeatable","<div class='invisible'> FileName: M2_C25.wav Type: Normal</div>","undefined",null
"33","QuestionnaireItemSVGQuality7pt","<h2>Gesamtqualität</h2> Bitte bewerten Sie die Gesamtqualität der Audiodatei.","10-70","40"
"33","QuestionnaireItemSVGQuality7pt","<h2>Klangfarbe</h2> Bitte bewerten Sie die Klangfarbe der Audiodatei.","10-70","44"
"33","QuestionnaireItemSVGQuality7pt","<h2>Diskontinuität</h2> Bitte bewerten Sie die Diskontinuität der Audiodatei.","10-70","32"
"33","QuestionnaireItemSVGQuality7pt","<h2>Lautstärke</h2> Bitte bewerten Sie die Lautstärke der Audiodatei.","10-70","28"
"33","QuestionnaireItemSVGQuality7pt","<h2>Rauschen</h2> Bitte bewerten Sie das Rauschen der Audiodatei.","10-70","22"
"34","QuestionnaireItemMediaAudioRepeatable","<div class='invisible'> FileName: M2_C07.wav Type: Normal</div>","undefined",null
"34","QuestionnaireItemSVGQuality7pt","<h2>Gesamtqualität</h2> Bitte bewerten Sie die Gesamtqualität der Audiodatei.","10-70","35"
"34","QuestionnaireItemSVGQuality7pt","<h2>Klangfarbe</h2> Bitte bewerten Sie die Klangfarbe der Audiodatei.","10-70","55"
"34","QuestionnaireItemSVGQuality7pt","<h2>Diskontinuität</h2> Bitte bewerten Sie die Diskontinuität der Audiodatei.","10-70","43"
"34","QuestionnaireItemSVGQuality7pt","<h2>Lautstärke</h2> Bitte bewerten Sie die Lautstärke der Audiodatei.","10-70","27"
"34","QuestionnaireItemSVGQuality7pt","<h2>Rauschen</h2> Bitte bewerten Sie das Rauschen der Audiodatei.","10-70","21"
"35","QuestionnaireItemMediaAudioRepeatable","<div class='invisible'> FileName: F1_C60.wav Type: Normal</div>","undefined",null
"35","QuestionnaireItemSVGQuality7pt","<h2>Gesamtqualität</h2> Bitte bewerten Sie die Gesamtqualität der Audiodatei.","10-70","40"
"35","QuestionnaireItemSVGQuality7pt","<h2>Klangfarbe</h2> Bitte bewerten Sie die Klangfarbe der Audiodatei.","10-70","35"
"35","QuestionnaireItemSVGQuality7pt","<h2>Diskontinuität</h2> Bitte bewerten Sie die Diskontinuität der Audiodatei.","10-70","26"
"35","QuestionnaireItemSVGQuality7pt","<h2>Lautstärke</h2> Bitte bewerten Sie die Lautstärke der Audiodatei.","10-70","26"
"35","QuestionnaireItemSVGQuality7pt","<h2>Rauschen</h2> Bitte bewerten Sie das Rauschen der Audiodatei.","10-70","20"
"36","QuestionnaireItemMediaAudioRepeatable","<div class='invisible'> FileName: F2_C12.wav Type: Normal</div>","undefined",null
"36","QuestionnaireItemSVGQuality7pt","<h2>Gesamtqualität</h2> Bitte bewerten Sie die Gesamtqualität der Audiodatei.","10-70","32"
"36","QuestionnaireItemSVGQuality7pt","<h2>Klangfarbe</h2> Bitte bewerten Sie die Klangfarbe der Audiodatei.","10-70","51"
"36","QuestionnaireItemSVGQuality7pt","<h2>Diskontinuität</h2> Bitte bewerten Sie die Diskontinuität der Audiodatei.","10-70","20"
"36","QuestionnaireItemSVGQuality7pt","<h2>Lautstärke</h2> Bitte bewerten Sie die Lautstärke der Audiodatei.","10-70","32"
"36","QuestionnaireItemSVGQuality7pt","<h2>Rauschen</h2> Bitte bewerten Sie das Rauschen der Audiodatei.","10-70","40"
"37","QuestionnaireItemMediaAudioRepeatable","<div class='invisible'> FileName: M1_C07.wav Type: Normal</div>","undefined",null
"37","QuestionnaireItemSVGQuality7pt","<h2>Gesamtqualität</h2> Bitte bewerten Sie die Gesamtqualität der Audiodatei.","10-70","40"
"37","QuestionnaireItemSVGQuality7pt","<h2>Klangfarbe</h2> Bitte bewerten Sie die Klangfarbe der Audiodatei.","10-70","30"
"37","QuestionnaireItemSVGQuality7pt","<h2>Diskontinuität</h2> Bitte bewerten Sie die Diskontinuität der Audiodatei.","10-70","34"
"37","QuestionnaireItemSVGQuality7pt","<h2>Lautstärke</h2> Bitte bewerten Sie die Lautstärke der Audiodatei.","10-70","25"
"37","QuestionnaireItemSVGQuality7pt","<h2>Rauschen</h2> Bitte bewerten Sie das Rauschen der Audiodatei.","10-70","20"
"38","QuestionnaireItemMediaAudioRepeatable","<div class='invisible'> FileName: F2_C11.wav Type: Normal</div>","undefined",null
"38","QuestionnaireItemSVGQuality7pt","<h2>Gesamtqualität</h2> Bitte bewerten Sie die Gesamtqualität der Audiodatei.","10-70","32"
"38","QuestionnaireItemSVGQuality7pt","<h2>Klangfarbe</h2> Bitte bewerten Sie die Klangfarbe der Audiodatei.","10-70","53"
"38","QuestionnaireItemSVGQuality7pt","<h2>Diskontinuität</h2> Bitte bewerten Sie die Diskontinuität der Audiodatei.","10-70","20"
"38","QuestionnaireItemSVGQuality7pt","<h2>Lautstärke</h2> Bitte bewerten Sie die Lautstärke der Audiodatei.","10-70","25"
"38","QuestionnaireItemSVGQuality7pt","<h2>Rauschen</h2> Bitte bewerten Sie das Rauschen der Audiodatei.","10-70","45"
"39","QuestionnaireItemMediaAudioRepeatable","<div class='invisible'> FileName: M1_C06.wav Type: Normal</div>","undefined",null
"39","QuestionnaireItemSVGQuality7pt","<h2>Gesamtqualität</h2> Bitte bewerten Sie die Gesamtqualität der Audiodatei.","10-70","50"
"39","QuestionnaireItemSVGQuality7pt","<h2>Klangfarbe</h2> Bitte bewerten Sie die Klangfarbe der Audiodatei.","10-70","28"
"39","QuestionnaireItemSVGQuality7pt","<h2>Diskontinuität</h2> Bitte bewerten Sie die Diskontinuität der Audiodatei.","10-70","20"
"39","QuestionnaireItemSVGQuality7pt","<h2>Lautstärke</h2> Bitte bewerten Sie die Lautstärke der Audiodatei.","10-70","27"
"39","QuestionnaireItemSVGQuality7pt","<h2>Rauschen</h2> Bitte bewerten Sie das Rauschen der Audiodatei.","10-70","20"
"40","QuestionnaireItemMediaAudioRepeatable","<div class='invisible'> FileName: M2_C49.wav Type: Normal</div>","undefined",null
"40","QuestionnaireItemSVGQuality7pt","<h2>Gesamtqualität</h2> Bitte bewerten Sie die Gesamtqualität der Audiodatei.","10-70","36"
"40","QuestionnaireItemSVGQuality7pt","<h2>Klangfarbe</h2> Bitte bewerten Sie die Klangfarbe der Audiodatei.","10-70","45"
"40","QuestionnaireItemSVGQuality7pt","<h2>Diskontinuität</h2> Bitte bewerten Sie die Diskontinuität der Audiodatei.","10-70","20"
"40","QuestionnaireItemSVGQuality7pt","<h2>Lautstärke</h2> Bitte bewerten Sie die Lautstärke der Audiodatei.","10-70","26"
"40","QuestionnaireItemSVGQuality7pt","<h2>Rauschen</h2> Bitte bewerten Sie das Rauschen der Audiodatei.","10-70","45"
"41","QuestionnaireItemMediaAudioRepeatable","<div class='invisible'> FileName: F2_C30.wav Type: Normal</div>","undefined",null
"41","QuestionnaireItemSVGQuality7pt","<h2>Gesamtqualität</h2> Bitte bewerten Sie die Gesamtqualität der Audiodatei.","10-70","44"
"41","QuestionnaireItemSVGQuality7pt","<h2>Klangfarbe</h2> Bitte bewerten Sie die Klangfarbe der Audiodatei.","10-70","27"
"41","QuestionnaireItemSVGQuality7pt","<h2>Diskontinuität</h2> Bitte bewerten Sie die Diskontinuität der Audiodatei.","10-70","21"
"41","QuestionnaireItemSVGQuality7pt","<h2>Lautstärke</h2> Bitte bewerten Sie die Lautstärke der Audiodatei.","10-70","38"
"41","QuestionnaireItemSVGQuality7pt","<h2>Rauschen</h2> Bitte bewerten Sie das Rauschen der Audiodatei.","10-70","20"
"42","QuestionnaireItemMediaAudioRepeatable","<div class='invisible'> FileName: M1_C03.wav Type: Normal</div>","undefined",null
"42","QuestionnaireItemSVGQuality7pt","<h2>Gesamtqualität</h2> Bitte bewerten Sie die Gesamtqualität der Audiodatei.","10-70","44"
"42","QuestionnaireItemSVGQuality7pt","<h2>Klangfarbe</h2> Bitte bewerten Sie die Klangfarbe der Audiodatei.","10-70","20"
"42","QuestionnaireItemSVGQuality7pt","<h2>Diskontinuität</h2> Bitte bewerten Sie die Diskontinuität der Audiodatei.","10-70","30"
"42","QuestionnaireItemSVGQuality7pt","<h2>Lautstärke</h2> Bitte bewerten Sie die Lautstärke der Audiodatei.","10-70","30"
"42","QuestionnaireItemSVGQuality7pt","<h2>Rauschen</h2> Bitte bewerten Sie das Rauschen der Audiodatei.","10-70","20"
"43","QuestionnaireItemMediaAudioRepeatable","<div class='invisible'> FileName: M1_C58.wav Type: Normal</div>","undefined",null
"43","QuestionnaireItemSVGQuality7pt","<h2>Gesamtqualität</h2> Bitte bewerten Sie die Gesamtqualität der Audiodatei.","10-70","30"
"43","QuestionnaireItemSVGQuality7pt","<h2>Klangfarbe</h2> Bitte bewerten Sie die Klangfarbe der Audiodatei.","10-70","46"
"43","QuestionnaireItemSVGQuality7pt","<h2>Diskontinuität</h2> Bitte bewerten Sie die Diskontinuität der Audiodatei.","10-70","46"
"43","QuestionnaireItemSVGQuality7pt","<h2>Lautstärke</h2> Bitte bewerten Sie die Lautstärke der Audiodatei.","10-70","25"
"43","QuestionnaireItemSVGQuality7pt","<h2>Rauschen</h2> Bitte bewerten Sie das Rauschen der Audiodatei.","10-70","29"
"44","QuestionnaireItemMediaAudioRepeatable","<div class='invisible'> FileName: F2_C43.wav Type: Normal</div>","undefined",null
"44","QuestionnaireItemSVGQuality7pt","<h2>Gesamtqualität</h2> Bitte bewerten Sie die Gesamtqualität der Audiodatei.","10-70","37"
"44","QuestionnaireItemSVGQuality7pt","<h2>Klangfarbe</h2> Bitte bewerten Sie die Klangfarbe der Audiodatei.","10-70","47"
"44","QuestionnaireItemSVGQuality7pt","<h2>Diskontinuität</h2> Bitte bewerten Sie die Diskontinuität der Audiodatei.","10-70","27"
"44","QuestionnaireItemSVGQuality7pt","<h2>Lautstärke</h2> Bitte bewerten Sie die Lautstärke der Audiodatei.","10-70","26"
"44","QuestionnaireItemSVGQuality7pt","<h2>Rauschen</h2> Bitte bewerten Sie das Rauschen der Audiodatei.","10-70","19"
"45","QuestionnaireItemMediaAudioRepeatable","<div class='invisible'> FileName: M1_C40.wav Type: Normal</div>","undefined",null
"45","QuestionnaireItemSVGQuality7pt","<h2>Gesamtqualität</h2> Bitte bewerten Sie die Gesamtqualität der Audiodatei.","10-70","36"
"45","QuestionnaireItemSVGQuality7pt","<h2>Klangfarbe</h2> Bitte bewerten Sie die Klangfarbe der Audiodatei.","10-70","50"
"45","QuestionnaireItemSVGQuality7pt","<h2>Diskontinuität</h2> Bitte bewerten Sie die Diskontinuität der Audiodatei.","10-70","22"
"45","QuestionnaireItemSVGQuality7pt","<h2>Lautstärke</h2> Bitte bewerten Sie die Lautstärke der Audiodatei.","10-70","24"
"45","QuestionnaireItemSVGQuality7pt","<h2>Rauschen</h2> Bitte bewerten Sie das Rauschen der Audiodatei.","10-70","20"
"46","QuestionnaireItemMediaAudioRepeatable","<div class='invisible'> FileName: M1_C05.wav Type: Normal</div>","undefined",null
"46","QuestionnaireItemSVGQuality7pt","<h2>Gesamtqualität</h2> Bitte bewerten Sie die Gesamtqualität der Audiodatei.","10-70","27"
"46","QuestionnaireItemSVGQuality7pt","<h2>Klangfarbe</h2> Bitte bewerten Sie die Klangfarbe der Audiodatei.","10-70","56"
"46","QuestionnaireItemSVGQuality7pt","<h2>Diskontinuität</h2> Bitte bewerten Sie die Diskontinuität der Audiodatei.","10-70","30"
"46","QuestionnaireItemSVGQuality7pt","<h2>Lautstärke</h2> Bitte bewerten Sie die Lautstärke der Audiodatei.","10-70","25"
"46","QuestionnaireItemSVGQuality7pt","<h2>Rauschen</h2> Bitte bewerten Sie das Rauschen der Audiodatei.","10-70","20"
"47","QuestionnaireItemMediaAudioRepeatable","<div class='invisible'> FileName: M1_C41.wav Type: Normal</div>","undefined",null
"47","QuestionnaireItemSVGQuality7pt","<h2>Gesamtqualität</h2> Bitte bewerten Sie die Gesamtqualität der Audiodatei.","10-70","39"
"47","QuestionnaireItemSVGQuality7pt","<h2>Klangfarbe</h2> Bitte bewerten Sie die Klangfarbe der Audiodatei.","10-70","47"
"47","QuestionnaireItemSVGQuality7pt","<h2>Diskontinuität</h2> Bitte bewerten Sie die Diskontinuität der Audiodatei.","10-70","23"
"47","QuestionnaireItemSVGQuality7pt","<h2>Lautstärke</h2> Bitte bewerten Sie die Lautstärke der Audiodatei.","10-70","23"
"47","QuestionnaireItemSVGQuality7pt","<h2>Rauschen</h2> Bitte bewerten Sie das Rauschen der Audiodatei.","10-70","20"
"48","QuestionnaireItemMediaAudioRepeatable","<div class='invisible'> FileName: F2_C10.wav Type: Normal</div>","undefined",null
"48","QuestionnaireItemSVGQuality7pt","<h2>Gesamtqualität</h2> Bitte bewerten Sie die Gesamtqualität der Audiodatei.","10-70","32"
"48","QuestionnaireItemSVGQuality7pt","<h2>Klangfarbe</h2> Bitte bewerten Sie die Klangfarbe der Audiodatei.","10-70","42"
"48","QuestionnaireItemSVGQuality7pt","<h2>Diskontinuität</h2> Bitte bewerten Sie die Diskontinuität der Audiodatei.","10-70","29"
"48","QuestionnaireItemSVGQuality7pt","<h2>Lautstärke</h2> Bitte bewerten Sie die Lautstärke der Audiodatei.","10-70","37"
"48","QuestionnaireItemSVGQuality7pt","<h2>Rauschen</h2> Bitte bewerten Sie das Rauschen der Audiodatei.","10-70","52"
"49","QuestionnaireItemMediaAudioRepeatable","<div class='invisible'> FileName: M2_C34.wav Type: Normal</div>","undefined",null
"49","QuestionnaireItemSVGQuality7pt","<h2>Gesamtqualität</h2> Bitte bewerten Sie die Gesamtqualität der Audiodatei.","10-70","25"
"49","QuestionnaireItemSVGQuality7pt","<h2>Klangfarbe</h2> Bitte bewerten Sie die Klangfarbe der Audiodatei.","10-70","60"
"49","QuestionnaireItemSVGQuality7pt","<h2>Diskontinuität</h2> Bitte bewerten Sie die Diskontinuität der Audiodatei.","10-70","28"
"49","QuestionnaireItemSVGQuality7pt","<h2>Lautstärke</h2> Bitte bewerten Sie die Lautstärke der Audiodatei.","10-70","27"
"49","QuestionnaireItemSVGQuality7pt","<h2>Rauschen</h2> Bitte bewerten Sie das Rauschen der Audiodatei.","10-70","20"
"50","QuestionnaireItemMediaAudioRepeatable","<div class='invisible'> FileName: M2_C52.wav Type: Normal</div>","undefined",null
"50","QuestionnaireItemSVGQuality7pt","<h2>Gesamtqualität</h2> Bitte bewerten Sie die Gesamtqualität der Audiodatei.","10-70","35"
"50","QuestionnaireItemSVGQuality7pt","<h2>Klangfarbe</h2> Bitte bewerten Sie die Klangfarbe der Audiodatei.","10-70","54"
"50","QuestionnaireItemSVGQuality7pt","<h2>Diskontinuität</h2> Bitte bewerten Sie die Diskontinuität der Audiodatei.","10-70","21"
"50","QuestionnaireItemSVGQuality7pt","<h2>Lautstärke</h2> Bitte bewerten Sie die Lautstärke der Audiodatei.","10-70","24"
"50","QuestionnaireItemSVGQuality7pt","<h2>Rauschen</h2> Bitte bewerten Sie das Rauschen der Audiodatei.","10-70","48"
"51","QuestionnaireItemMediaAudioRepeatable","<div class='invisible'> FileName: F1_C55.wav Type: Normal</div>","undefined",null
"51","QuestionnaireItemSVGQuality7pt","<h2>Gesamtqualität</h2> Bitte bewerten Sie die Gesamtqualität der Audiodatei.","10-70","35"
"51","QuestionnaireItemSVGQuality7pt","<h2>Klangfarbe</h2> Bitte bewerten Sie die Klangfarbe der Audiodatei.","10-70","34"
"51","QuestionnaireItemSVGQuality7pt","<h2>Diskontinuität</h2> Bitte bewerten Sie die Diskontinuität der Audiodatei.","10-70","32"
"51","QuestionnaireItemSVGQuality7pt","<h2>Lautstärke</h2> Bitte bewerten Sie die Lautstärke der Audiodatei.","10-70","26"
"51","QuestionnaireItemSVGQuality7pt","<h2>Rauschen</h2> Bitte bewerten Sie das Rauschen der Audiodatei.","10-70","20"
"53","QuestionnaireItemMediaAudioRepeatable","<div class='invisible'> FileName: M1_C43.wav Type: Normal</div>","undefined",null
"53","QuestionnaireItemSVGQuality7pt","<h2>Gesamtqualität</h2> Bitte bewerten Sie die Gesamtqualität der Audiodatei.","10-70","50"
"53","QuestionnaireItemSVGQuality7pt","<h2>Klangfarbe</h2> Bitte bewerten Sie die Klangfarbe der Audiodatei.","10-70","31"
"53","QuestionnaireItemSVGQuality7pt","<h2>Diskontinuität</h2> Bitte bewerten Sie die Diskontinuität der Audiodatei.","10-70","24"
"53","QuestionnaireItemSVGQuality7pt","<h2>Lautstärke</h2> Bitte bewerten Sie die Lautstärke der Audiodatei.","10-70","20"
"53","QuestionnaireItemSVGQuality7pt","<h2>Rauschen</h2> Bitte bewerten Sie das Rauschen der Audiodatei.","10-70","21"
"54","QuestionnaireItemMediaAudioRepeatable","<div class='invisible'> FileName: M2_C39.wav Type: Normal</div>","undefined",null
"54","QuestionnaireItemSVGQuality7pt","<h2>Gesamtqualität</h2> Bitte bewerten Sie die Gesamtqualität der Audiodatei.","10-70","36"
"54","QuestionnaireItemSVGQuality7pt","<h2>Klangfarbe</h2> Bitte bewerten Sie die Klangfarbe der Audiodatei.","10-70","35"
"54","QuestionnaireItemSVGQuality7pt","<h2>Diskontinuität</h2> Bitte bewerten Sie die Diskontinuität der Audiodatei.","10-70","27"
"54","QuestionnaireItemSVGQuality7pt","<h2>Lautstärke</h2> Bitte bewerten Sie die Lautstärke der Audiodatei.","10-70","30"
"54","QuestionnaireItemSVGQuality7pt","<h2>Rauschen</h2> Bitte bewerten Sie das Rauschen der Audiodatei.","10-70","20"
"55","QuestionnaireItemMediaAudioRepeatable","<div class='invisible'> FileName: M1_C30.wav Type: Normal</div>","undefined",null
"55","QuestionnaireItemSVGQuality7pt","<h2>Gesamtqualität</h2> Bitte bewerten Sie die Gesamtqualität der Audiodatei.","10-70","40"
"55","QuestionnaireItemSVGQuality7pt","<h2>Klangfarbe</h2> Bitte bewerten Sie die Klangfarbe der Audiodatei.","10-70","30"
"55","QuestionnaireItemSVGQuality7pt","<h2>Diskontinuität</h2> Bitte bewerten Sie die Diskontinuität der Audiodatei.","10-70","20"
"55","QuestionnaireItemSVGQuality7pt","<h2>Lautstärke</h2> Bitte bewerten Sie die Lautstärke der Audiodatei.","10-70","31"
"55","QuestionnaireItemSVGQuality7pt","<h2>Rauschen</h2> Bitte bewerten Sie das Rauschen der Audiodatei.","10-70","19"
"56","QuestionnaireItemMediaAudioRepeatable","<div class='invisible'> FileName: M2_C35.wav Type: Normal</div>","undefined",null
"56","QuestionnaireItemSVGQuality7pt","<h2>Gesamtqualität</h2> Bitte bewerten Sie die Gesamtqualität der Audiodatei.","10-70","36"
"56","QuestionnaireItemSVGQuality7pt","<h2>Klangfarbe</h2> Bitte bewerten Sie die Klangfarbe der Audiodatei.","10-70","52"
"56","QuestionnaireItemSVGQuality7pt","<h2>Diskontinuität</h2> Bitte bewerten Sie die Diskontinuität der Audiodatei.","10-70","22"
"56","QuestionnaireItemSVGQuality7pt","<h2>Lautstärke</h2> Bitte bewerten Sie die Lautstärke der Audiodatei.","10-70","26"
"56","QuestionnaireItemSVGQuality7pt","<h2>Rauschen</h2> Bitte bewerten Sie das Rauschen der Audiodatei.","10-70","20"
"57","QuestionnaireItemMediaAudioRepeatable","<div class='invisible'> FileName: M1_C10.wav Type: Normal</div>","undefined",null
"57","QuestionnaireItemSVGQuality7pt","<h2>Gesamtqualität</h2> Bitte bewerten Sie die Gesamtqualität der Audiodatei.","10-70","26"
"57","QuestionnaireItemSVGQuality7pt","<h2>Klangfarbe</h2> Bitte bewerten Sie die Klangfarbe der Audiodatei.","10-70","33"
"57","QuestionnaireItemSVGQuality7pt","<h2>Diskontinuität</h2> Bitte bewerten Sie die Diskontinuität der Audiodatei.","10-70","39"
"57","QuestionnaireItemSVGQuality7pt","<h2>Lautstärke</h2> Bitte bewerten Sie die Lautstärke der Audiodatei.","10-70","30"
"57","QuestionnaireItemSVGQuality7pt","<h2>Rauschen</h2> Bitte bewerten Sie das Rauschen der Audiodatei.","10-70","38"
"58","QuestionnaireItemMediaAudioRepeatable","<div class='invisible'> FileName: M1_C45.wav Type: Normal</div>","undefined",null
"58","QuestionnaireItemSVGQuality7pt","<h2>Gesamtqualität</h2> Bitte bewerten Sie die Gesamtqualität der Audiodatei.","10-70","26"
"58","QuestionnaireItemSVGQuality7pt","<h2>Klangfarbe</h2> Bitte bewerten Sie die Klangfarbe der Audiodatei.","10-70","49"
"58","QuestionnaireItemSVGQuality7pt","<h2>Diskontinuität</h2> Bitte bewerten Sie die Diskontinuität der Audiodatei.","10-70","27"
"58","QuestionnaireItemSVGQuality7pt","<h2>Lautstärke</h2> Bitte bewerten Sie die Lautstärke der Audiodatei.","10-70","28"
"58","QuestionnaireItemSVGQuality7pt","<h2>Rauschen</h2> Bitte bewerten Sie das Rauschen der Audiodatei.","10-70","20"
"59","QuestionnaireItemMediaAudioRepeatable","<div class='invisible'> FileName: M2_C62.wav Type: Normal</div>","undefined",null
"59","QuestionnaireItemSVGQuality7pt","<h2>Gesamtqualität</h2> Bitte bewerten Sie die Gesamtqualität der Audiodatei.","10-70","46"
"59","QuestionnaireItemSVGQuality7pt","<h2>Klangfarbe</h2> Bitte bewerten Sie die Klangfarbe der Audiodatei.","10-70","33"
"59","QuestionnaireItemSVGQuality7pt","<h2>Diskontinuität</h2> Bitte bewerten Sie die Diskontinuität der Audiodatei.","10-70","20"
"59","QuestionnaireItemSVGQuality7pt","<h2>Lautstärke</h2> Bitte bewerten Sie die Lautstärke der Audiodatei.","10-70","44"
"59","QuestionnaireItemSVGQuality7pt","<h2>Rauschen</h2> Bitte bewerten Sie das Rauschen der Audiodatei.","10-70","20"
"60","QuestionnaireItemMediaAudioRepeatable","<div class='invisible'> FileName: F2_C52.wav Type: Normal</div>","undefined",null
"60","QuestionnaireItemSVGQuality7pt","<h2>Gesamtqualität</h2> Bitte bewerten Sie die Gesamtqualität der Audiodatei.","10-70","44"
"60","QuestionnaireItemSVGQuality7pt","<h2>Klangfarbe</h2> Bitte bewerten Sie die Klangfarbe der Audiodatei.","10-70","47"
"60","QuestionnaireItemSVGQuality7pt","<h2>Diskontinuität</h2> Bitte bewerten Sie die Diskontinuität der Audiodatei.","10-70","27"
"60","QuestionnaireItemSVGQuality7pt","<h2>Lautstärke</h2> Bitte bewerten Sie die Lautstärke der Audiodatei.","10-70","26"
"60","QuestionnaireItemSVGQuality7pt","<h2>Rauschen</h2> Bitte bewerten Sie das Rauschen der Audiodatei.","10-70","43"
"61","QuestionnaireItemMediaAudioRepeatable","<div class='invisible'> FileName: M1_C38.wav Type: Normal</div>","undefined",null
"61","QuestionnaireItemSVGQuality7pt","<h2>Gesamtqualität</h2> Bitte bewerten Sie die Gesamtqualität der Audiodatei.","10-70","50"
"61","QuestionnaireItemSVGQuality7pt","<h2>Klangfarbe</h2> Bitte bewerten Sie die Klangfarbe der Audiodatei.","10-70","27"
"61","QuestionnaireItemSVGQuality7pt","<h2>Diskontinuität</h2> Bitte bewerten Sie die Diskontinuität der Audiodatei.","10-70","22"
"61","QuestionnaireItemSVGQuality7pt","<h2>Lautstärke</h2> Bitte bewerten Sie die Lautstärke der Audiodatei.","10-70","23"
"61","QuestionnaireItemSVGQuality7pt","<h2>Rauschen</h2> Bitte bewerten Sie das Rauschen der Audiodatei.","10-70","20"
"62","QuestionnaireItemMediaAudioRepeatable","<div class='invisible'> FileName: M2_C23.wav Type: Normal</div>","undefined",null
"62","QuestionnaireItemSVGQuality7pt","<h2>Gesamtqualität</h2> Bitte bewerten Sie die Gesamtqualität der Audiodatei.","10-70","35"
"62","QuestionnaireItemSVGQuality7pt","<h2>Klangfarbe</h2> Bitte bewerten Sie die Klangfarbe der Audiodatei.","10-70","47"
"62","QuestionnaireItemSVGQuality7pt","<h2>Diskontinuität</h2> Bitte bewerten Sie die Diskontinuität der Audiodatei.","10-70","27"
"62","QuestionnaireItemSVGQuality7pt","<h2>Lautstärke</h2> Bitte bewerten Sie die Lautstärke der Audiodatei.","10-70","26"
"62","QuestionnaireItemSVGQuality7pt","<h2>Rauschen</h2> Bitte bewerten Sie das Rauschen der Audiodatei.","10-70","46"
"63","QuestionnaireItemMediaAudioRepeatable","<div class='invisible'> FileName: M2_C11.wav Type: Normal</div>","undefined",null
"63","QuestionnaireItemSVGQuality7pt","<h2>Gesamtqualität</h2> Bitte bewerten Sie die Gesamtqualität der Audiodatei.","10-70","42"
"63","QuestionnaireItemSVGQuality7pt","<h2>Klangfarbe</h2> Bitte bewerten Sie die Klangfarbe der Audiodatei.","10-70","40"
"63","QuestionnaireItemSVGQuality7pt","<h2>Diskontinuität</h2> Bitte bewerten Sie die Diskontinuität der Audiodatei.","10-70","23"
"63","QuestionnaireItemSVGQuality7pt","<h2>Lautstärke</h2> Bitte bewerten Sie die Lautstärke der Audiodatei.","10-70","26"
"63","QuestionnaireItemSVGQuality7pt","<h2>Rauschen</h2> Bitte bewerten Sie das Rauschen der Audiodatei.","10-70","32"
"64","QuestionnaireItemMediaAudioRepeatable","<div class='invisible'> FileName: F2_C39.wav Type: Normal</div>","undefined",null
"64","QuestionnaireItemSVGQuality7pt","<h2>Gesamtqualität</h2> Bitte bewerten Sie die Gesamtqualität der Audiodatei.","10-70","52"
"64","QuestionnaireItemSVGQuality7pt","<h2>Klangfarbe</h2> Bitte bewerten Sie die Klangfarbe der Audiodatei.","10-70","29"
"64","QuestionnaireItemSVGQuality7pt","<h2>Diskontinuität</h2> Bitte bewerten Sie die Diskontinuität der Audiodatei.","10-70","20"
"64","QuestionnaireItemSVGQuality7pt","<h2>Lautstärke</h2> Bitte bewerten Sie die Lautstärke der Audiodatei.","10-70","24"
"64","QuestionnaireItemSVGQuality7pt","<h2>Rauschen</h2> Bitte bewerten Sie das Rauschen der Audiodatei.","10-70","20"
"65","QuestionnaireItemMediaAudioRepeatable","<div class='invisible'> FileName: F1_C02.wav Type: Normal</div>","undefined",null
"65","QuestionnaireItemSVGQuality7pt","<h2>Gesamtqualität</h2> Bitte bewerten Sie die Gesamtqualität der Audiodatei.","10-70","46"
"65","QuestionnaireItemSVGQuality7pt","<h2>Klangfarbe</h2> Bitte bewerten Sie die Klangfarbe der Audiodatei.","10-70","38"
"65","QuestionnaireItemSVGQuality7pt","<h2>Diskontinuität</h2> Bitte bewerten Sie die Diskontinuität der Audiodatei.","10-70","22"
"65","QuestionnaireItemSVGQuality7pt","<h2>Lautstärke</h2> Bitte bewerten Sie die Lautstärke der Audiodatei.","10-70","27"
"65","QuestionnaireItemSVGQuality7pt","<h2>Rauschen</h2> Bitte bewerten Sie das Rauschen der Audiodatei.","10-70","46"
"66","QuestionnaireItemMediaAudioRepeatable","<div class='invisible'> FileName: F1_C41.wav Type: Normal</div>","undefined",null
"66","QuestionnaireItemSVGQuality7pt","<h2>Gesamtqualität</h2> Bitte bewerten Sie die Gesamtqualität der Audiodatei.","10-70","44"
"66","QuestionnaireItemSVGQuality7pt","<h2>Klangfarbe</h2> Bitte bewerten Sie die Klangfarbe der Audiodatei.","10-70","41"
"66","QuestionnaireItemSVGQuality7pt","<h2>Diskontinuität</h2> Bitte bewerten Sie die Diskontinuität der Audiodatei.","10-70","20"
"66","QuestionnaireItemSVGQuality7pt","<h2>Lautstärke</h2> Bitte bewerten Sie die Lautstärke der Audiodatei.","10-70","24"
"66","QuestionnaireItemSVGQuality7pt","<h2>Rauschen</h2> Bitte bewerten Sie das Rauschen der Audiodatei.","10-70","20"
"67","QuestionnaireItemMediaAudioRepeatable","<div class='invisible'> FileName: F1_C35.wav Type: Normal</div>","undefined",null
"67","QuestionnaireItemSVGQuality7pt","<h2>Gesamtqualität</h2> Bitte bewerten Sie die Gesamtqualität der Audiodatei.","10-70","35"
"67","QuestionnaireItemSVGQuality7pt","<h2>Klangfarbe</h2> Bitte bewerten Sie die Klangfarbe der Audiodatei.","10-70","49"
"67","QuestionnaireItemSVGQuality7pt","<h2>Diskontinuität</h2> Bitte bewerten Sie die Diskontinuität der Audiodatei.","10-70","26"
"67","QuestionnaireItemSVGQuality7pt","<h2>Lautstärke</h2> Bitte bewerten Sie die Lautstärke der Audiodatei.","10-70","24"
"67","QuestionnaireItemSVGQuality7pt","<h2>Rauschen</h2> Bitte bewerten Sie das Rauschen der Audiodatei.","10-70","20"
"68","QuestionnaireItemMediaAudioRepeatable","<div class='invisible'> FileName: M1_C44.wav Type: Normal</div>","undefined",null
"68","QuestionnaireItemSVGQuality7pt","<h2>Gesamtqualität</h2> Bitte bewerten Sie die Gesamtqualität der Audiodatei.","10-70","36"
"68","QuestionnaireItemSVGQuality7pt","<h2>Klangfarbe</h2> Bitte bewerten Sie die Klangfarbe der Audiodatei.","10-70","56"
"68","QuestionnaireItemSVGQuality7pt","<h2>Diskontinuität</h2> Bitte bewerten Sie die Diskontinuität der Audiodatei.","10-70","20"
"68","QuestionnaireItemSVGQuality7pt","<h2>Lautstärke</h2> Bitte bewerten Sie die Lautstärke der Audiodatei.","10-70","23"
"68","QuestionnaireItemSVGQuality7pt","<h2>Rauschen</h2> Bitte bewerten Sie das Rauschen der Audiodatei.","10-70","20"
"69","QuestionnaireItemMediaAudioRepeatable","<div class='invisible'> FileName: F1_C36.wav Type: Normal</div>","undefined",null
"69","QuestionnaireItemSVGQuality7pt","<h2>Gesamtqualität</h2> Bitte bewerten Sie die Gesamtqualität der Audiodatei.","10-70","40"
"69","QuestionnaireItemSVGQuality7pt","<h2>Klangfarbe</h2> Bitte bewerten Sie die Klangfarbe der Audiodatei.","10-70","34"
"69","QuestionnaireItemSVGQuality7pt","<h2>Diskontinuität</h2> Bitte bewerten Sie die Diskontinuität der Audiodatei.","10-70","40"
"69","QuestionnaireItemSVGQuality7pt","<h2>Lautstärke</h2> Bitte bewerten Sie die Lautstärke der Audiodatei.","10-70","25"
"69","QuestionnaireItemSVGQuality7pt","<h2>Rauschen</h2> Bitte bewerten Sie das Rauschen der Audiodatei.","10-70","20"
"70","QuestionnaireItemMediaAudioRepeatable","<div class='invisible'> FileName: M2_C32.wav Type: Normal</div>","undefined",null
"70","QuestionnaireItemSVGQuality7pt","<h2>Gesamtqualität</h2> Bitte bewerten Sie die Gesamtqualität der Audiodatei.","10-70","54"
"70","QuestionnaireItemSVGQuality7pt","<h2>Klangfarbe</h2> Bitte bewerten Sie die Klangfarbe der Audiodatei.","10-70","22"
"70","QuestionnaireItemSVGQuality7pt","<h2>Diskontinuität</h2> Bitte bewerten Sie die Diskontinuität der Audiodatei.","10-70","20"
"70","QuestionnaireItemSVGQuality7pt","<h2>Lautstärke</h2> Bitte bewerten Sie die Lautstärke der Audiodatei.","10-70","22"
"70","QuestionnaireItemSVGQuality7pt","<h2>Rauschen</h2> Bitte bewerten Sie das Rauschen der Audiodatei.","10-70","20"
"71","QuestionnaireItemMediaAudioRepeatable","<div class='invisible'> FileName: F2_C21.wav Type: Normal</div>","undefined",null
"71","QuestionnaireItemSVGQuality7pt","<h2>Gesamtqualität</h2> Bitte bewerten Sie die Gesamtqualität der Audiodatei.","10-70","45"
"71","QuestionnaireItemSVGQuality7pt","<h2>Klangfarbe</h2> Bitte bewerten Sie die Klangfarbe der Audiodatei.","10-70","30"
"71","QuestionnaireItemSVGQuality7pt","<h2>Diskontinuität</h2> Bitte bewerten Sie die Diskontinuität der Audiodatei.","10-70","20"
"71","QuestionnaireItemSVGQuality7pt","<h2>Lautstärke</h2> Bitte bewerten Sie die Lautstärke der Audiodatei.","10-70","35"
"71","QuestionnaireItemSVGQuality7pt","<h2>Rauschen</h2> Bitte bewerten Sie das Rauschen der Audiodatei.","10-70","20"
"72","QuestionnaireItemMediaAudioRepeatable","<div class='invisible'> FileName: F1_C01.wav Type: Gold</div>","undefined",null
"72","QuestionnaireItemSVGQuality7pt","<h2>Gesamtqualität</h2> Bitte bewerten Sie die Gesamtqualität der Audiodatei.","10-70","54"
"72","QuestionnaireItemSVGQuality7pt","<h2>Klangfarbe</h2> Bitte bewerten Sie die Klangfarbe der Audiodatei.","10-70","22"
"72","QuestionnaireItemSVGQuality7pt","<h2>Diskontinuität</h2> Bitte bewerten Sie die Diskontinuität der Audiodatei.","10-70","21"
"72","QuestionnaireItemSVGQuality7pt","<h2>Lautstärke</h2> Bitte bewerten Sie die Lautstärke der Audiodatei.","10-70","21"
"72","QuestionnaireItemSVGQuality7pt","<h2>Rauschen</h2> Bitte bewerten Sie das Rauschen der Audiodatei.","10-70","20"
"73","QuestionnaireItemMediaAudioRepeatable","<div class='invisible'> FileName: M2_C60.wav Type: Normal</div>","undefined",null
"73","QuestionnaireItemSVGQuality7pt","<h2>Gesamtqualität</h2> Bitte bewerten Sie die Gesamtqualität der Audiodatei.","10-70","50"
"73","QuestionnaireItemSVGQuality7pt","<h2>Klangfarbe</h2> Bitte bewerten Sie die Klangfarbe der Audiodatei.","10-70","36"
"73","QuestionnaireItemSVGQuality7pt","<h2>Diskontinuität</h2> Bitte bewerten Sie die Diskontinuität der Audiodatei.","10-70","20"
"73","QuestionnaireItemSVGQuality7pt","<h2>Lautstärke</h2> Bitte bewerten Sie die Lautstärke der Audiodatei.","10-70","24"
"73","QuestionnaireItemSVGQuality7pt","<h2>Rauschen</h2> Bitte bewerten Sie das Rauschen der Audiodatei.","10-70","20"
"74","QuestionnaireItemMediaAudioRepeatable","<div class='invisible'> FileName: F1_C25.wav Type: Normal</div>","undefined",null
"74","QuestionnaireItemSVGQuality7pt","<h2>Gesamtqualität</h2> Bitte bewerten Sie die Gesamtqualität der Audiodatei.","10-70","42"
"74","QuestionnaireItemSVGQuality7pt","<h2>Klangfarbe</h2> Bitte bewerten Sie die Klangfarbe der Audiodatei.","10-70","28"
"74","QuestionnaireItemSVGQuality7pt","<h2>Diskontinuität</h2> Bitte bewerten Sie die Diskontinuität der Audiodatei.","10-70","31"
"74","QuestionnaireItemSVGQuality7pt","<h2>Lautstärke</h2> Bitte bewerten Sie die Lautstärke der Audiodatei.","10-70","24"
"74","QuestionnaireItemSVGQuality7pt","<h2>Rauschen</h2> Bitte bewerten Sie das Rauschen der Audiodatei.","10-70","20"
"75","QuestionnaireItemMediaAudioRepeatable","<div class='invisible'> FileName: F1_C20.wav Type: Normal</div>","undefined",null
"75","QuestionnaireItemSVGQuality7pt","<h2>Gesamtqualität</h2> Bitte bewerten Sie die Gesamtqualität der Audiodatei.","10-70","56"
"75","QuestionnaireItemSVGQuality7pt","<h2>Klangfarbe</h2> Bitte bewerten Sie die Klangfarbe der Audiodatei.","10-70","22"
"75","QuestionnaireItemSVGQuality7pt","<h2>Diskontinuität</h2> Bitte bewerten Sie die Diskontinuität der Audiodatei.","10-70","20"
"75","QuestionnaireItemSVGQuality7pt","<h2>Lautstärke</h2> Bitte bewerten Sie die Lautstärke der Audiodatei.","10-70","22"
"75","QuestionnaireItemSVGQuality7pt","<h2>Rauschen</h2> Bitte bewerten Sie das Rauschen der Audiodatei.","10-70","20"
"76","QuestionnaireItemMediaAudioRepeatable","<div class='invisible'> FileName: F1_C09.wav Type: Normal</div>","undefined",null
"76","QuestionnaireItemSVGQuality7pt","<h2>Gesamtqualität</h2> Bitte bewerten Sie die Gesamtqualität der Audiodatei.","10-70","42"
"76","QuestionnaireItemSVGQuality7pt","<h2>Klangfarbe</h2> Bitte bewerten Sie die Klangfarbe der Audiodatei.","10-70","26"
"76","QuestionnaireItemSVGQuality7pt","<h2>Diskontinuität</h2> Bitte bewerten Sie die Diskontinuität der Audiodatei.","10-70","20"
"76","QuestionnaireItemSVGQuality7pt","<h2>Lautstärke</h2> Bitte bewerten Sie die Lautstärke der Audiodatei.","10-70","30"
"76","QuestionnaireItemSVGQuality7pt","<h2>Rauschen</h2> Bitte bewerten Sie das Rauschen der Audiodatei.","10-70","20"
"77","QuestionnaireItemMediaAudioRepeatable","<div class='invisible'> FileName: F1_C21.wav Type: Normal</div>","undefined",null
"77","QuestionnaireItemSVGQuality7pt","<h2>Gesamtqualität</h2> Bitte bewerten Sie die Gesamtqualität der Audiodatei.","10-70","48"
"77","QuestionnaireItemSVGQuality7pt","<h2>Klangfarbe</h2> Bitte bewerten Sie die Klangfarbe der Audiodatei.","10-70","22"
"77","QuestionnaireItemSVGQuality7pt","<h2>Diskontinuität</h2> Bitte bewerten Sie die Diskontinuität der Audiodatei.","10-70","21"
"77","QuestionnaireItemSVGQuality7pt","<h2>Lautstärke</h2> Bitte bewerten Sie die Lautstärke der Audiodatei.","10-70","30"
"77","QuestionnaireItemSVGQuality7pt","<h2>Rauschen</h2> Bitte bewerten Sie das Rauschen der Audiodatei.","10-70","20"
"78","QuestionnaireItemMediaAudioRepeatable","<div class='invisible'> FileName: F2_C05.wav Type: Normal</div>","undefined",null
"78","QuestionnaireItemSVGQuality7pt","<h2>Gesamtqualität</h2> Bitte bewerten Sie die Gesamtqualität der Audiodatei.","10-70","35"
"78","QuestionnaireItemSVGQuality7pt","<h2>Klangfarbe</h2> Bitte bewerten Sie die Klangfarbe der Audiodatei.","10-70","43"
"78","QuestionnaireItemSVGQuality7pt","<h2>Diskontinuität</h2> Bitte bewerten Sie die Diskontinuität der Audiodatei.","10-70","20"
"78","QuestionnaireItemSVGQuality7pt","<h2>Lautstärke</h2> Bitte bewerten Sie die Lautstärke der Audiodatei.","10-70","24"
"78","QuestionnaireItemSVGQuality7pt","<h2>Rauschen</h2> Bitte bewerten Sie das Rauschen der Audiodatei.","10-70","21"
"79","QuestionnaireItemMediaAudioRepeatable","<div class='invisible'> FileName: M2_C57.wav Type: Normal</div>","undefined",null
"79","QuestionnaireItemSVGQuality7pt","<h2>Gesamtqualität</h2> Bitte bewerten Sie die Gesamtqualität der Audiodatei.","10-70","32"
"79","QuestionnaireItemSVGQuality7pt","<h2>Klangfarbe</h2> Bitte bewerten Sie die Klangfarbe der Audiodatei.","10-70","45"
"79","QuestionnaireItemSVGQuality7pt","<h2>Diskontinuität</h2> Bitte bewerten Sie die Diskontinuität der Audiodatei.","10-70","43"
"79","QuestionnaireItemSVGQuality7pt","<h2>Lautstärke</h2> Bitte bewerten Sie die Lautstärke der Audiodatei.","10-70","25"
"79","QuestionnaireItemSVGQuality7pt","<h2>Rauschen</h2> Bitte bewerten Sie das Rauschen der Audiodatei.","10-70","20"
"80","QuestionnaireItemMediaAudioRepeatable","<div class='invisible'> FileName: F1_C04.wav Type: Normal</div>","undefined",null
"80","QuestionnaireItemSVGQuality7pt","<h2>Gesamtqualität</h2> Bitte bewerten Sie die Gesamtqualität der Audiodatei.","10-70","50"
"80","QuestionnaireItemSVGQuality7pt","<h2>Klangfarbe</h2> Bitte bewerten Sie die Klangfarbe der Audiodatei.","10-70","24"
"80","QuestionnaireItemSVGQuality7pt","<h2>Diskontinuität</h2> Bitte bewerten Sie die Diskontinuität der Audiodatei.","10-70","20"
"80","QuestionnaireItemSVGQuality7pt","<h2>Lautstärke</h2> Bitte bewerten Sie die Lautstärke der Audiodatei.","10-70","25"
"80","QuestionnaireItemSVGQuality7pt","<h2>Rauschen</h2> Bitte bewerten Sie das Rauschen der Audiodatei.","10-70","20"
"81","QuestionnaireItemMediaAudioRepeatable","<div class='invisible'> FileName: F1_C03.wav Type: Normal</div>","undefined",null
"81","QuestionnaireItemSVGQuality7pt","<h2>Gesamtqualität</h2> Bitte bewerten Sie die Gesamtqualität der Audiodatei.","10-70","43"
"81","QuestionnaireItemSVGQuality7pt","<h2>Klangfarbe</h2> Bitte bewerten Sie die Klangfarbe der Audiodatei.","10-70","37"
"81","QuestionnaireItemSVGQuality7pt","<h2>Diskontinuität</h2> Bitte bewerten Sie die Diskontinuität der Audiodatei.","10-70","27"
"81","QuestionnaireItemSVGQuality7pt","<h2>Lautstärke</h2> Bitte bewerten Sie die Lautstärke der Audiodatei.","10-70","28"
"81","QuestionnaireItemSVGQuality7pt","<h2>Rauschen</h2> Bitte bewerten Sie das Rauschen der Audiodatei.","10-70","30"
"82","QuestionnaireItemMediaAudioRepeatable","<div class='invisible'> FileName: F1_C47.wav Type: Normal</div>","undefined",null
"82","QuestionnaireItemSVGQuality7pt","<h2>Gesamtqualität</h2> Bitte bewerten Sie die Gesamtqualität der Audiodatei.","10-70","37"
"82","QuestionnaireItemSVGQuality7pt","<h2>Klangfarbe</h2> Bitte bewerten Sie die Klangfarbe der Audiodatei.","10-70","47"
"82","QuestionnaireItemSVGQuality7pt","<h2>Diskontinuität</h2> Bitte bewerten Sie die Diskontinuität der Audiodatei.","10-70","20"
"82","QuestionnaireItemSVGQuality7pt","<h2>Lautstärke</h2> Bitte bewerten Sie die Lautstärke der Audiodatei.","10-70","25"
"82","QuestionnaireItemSVGQuality7pt","<h2>Rauschen</h2> Bitte bewerten Sie das Rauschen der Audiodatei.","10-70","20"
"83","QuestionnaireItemMediaAudioRepeatable","<div class='invisible'> FileName: M1_C62.wav Type: Normal</div>","undefined",null
"83","QuestionnaireItemSVGQuality7pt","<h2>Gesamtqualität</h2> Bitte bewerten Sie die Gesamtqualität der Audiodatei.","10-70","30"
"83","QuestionnaireItemSVGQuality7pt","<h2>Klangfarbe</h2> Bitte bewerten Sie die Klangfarbe der Audiodatei.","10-70","40"
"83","QuestionnaireItemSVGQuality7pt","<h2>Diskontinuität</h2> Bitte bewerten Sie die Diskontinuität der Audiodatei.","10-70","20"
"83","QuestionnaireItemSVGQuality7pt","<h2>Lautstärke</h2> Bitte bewerten Sie die Lautstärke der Audiodatei.","10-70","50"
"83","QuestionnaireItemSVGQuality7pt","<h2>Rauschen</h2> Bitte bewerten Sie das Rauschen der Audiodatei.","10-70","19"
"84","QuestionnaireItemMediaAudioRepeatable","<div class='invisible'> FileName: F1_C08.wav Type: Normal</div>","undefined",null
"84","QuestionnaireItemSVGQuality7pt","<h2>Gesamtqualität</h2> Bitte bewerten Sie die Gesamtqualität der Audiodatei.","10-70","31"
"84","QuestionnaireItemSVGQuality7pt","<h2>Klangfarbe</h2> Bitte bewerten Sie die Klangfarbe der Audiodatei.","10-70","31"
"84","QuestionnaireItemSVGQuality7pt","<h2>Diskontinuität</h2> Bitte bewerten Sie die Diskontinuität der Audiodatei.","10-70","41"
"84","QuestionnaireItemSVGQuality7pt","<h2>Lautstärke</h2> Bitte bewerten Sie die Lautstärke der Audiodatei.","10-70","25"
"84","QuestionnaireItemSVGQuality7pt","<h2>Rauschen</h2> Bitte bewerten Sie das Rauschen der Audiodatei.","10-70","20"
"85","QuestionnaireItemMediaAudioRepeatable","<div class='invisible'> FileName: F2_C35.wav Type: Normal</div>","undefined",null
"85","QuestionnaireItemSVGQuality7pt","<h2>Gesamtqualität</h2> Bitte bewerten Sie die Gesamtqualität der Audiodatei.","10-70","33"
"85","QuestionnaireItemSVGQuality7pt","<h2>Klangfarbe</h2> Bitte bewerten Sie die Klangfarbe der Audiodatei.","10-70","46"
"85","QuestionnaireItemSVGQuality7pt","<h2>Diskontinuität</h2> Bitte bewerten Sie die Diskontinuität der Audiodatei.","10-70","21"
"85","QuestionnaireItemSVGQuality7pt","<h2>Lautstärke</h2> Bitte bewerten Sie die Lautstärke der Audiodatei.","10-70","24"
"85","QuestionnaireItemSVGQuality7pt","<h2>Rauschen</h2> Bitte bewerten Sie das Rauschen der Audiodatei.","10-70","20"
"86","QuestionnaireItemMediaAudioRepeatable","<div class='invisible'> FileName: M2_C51.wav Type: Normal</div>","undefined",null
"86","QuestionnaireItemSVGQuality7pt","<h2>Gesamtqualität</h2> Bitte bewerten Sie die Gesamtqualität der Audiodatei.","10-70","34"
"86","QuestionnaireItemSVGQuality7pt","<h2>Klangfarbe</h2> Bitte bewerten Sie die Klangfarbe der Audiodatei.","10-70","49"
"86","QuestionnaireItemSVGQuality7pt","<h2>Diskontinuität</h2> Bitte bewerten Sie die Diskontinuität der Audiodatei.","10-70","21"
"86","QuestionnaireItemSVGQuality7pt","<h2>Lautstärke</h2> Bitte bewerten Sie die Lautstärke der Audiodatei.","10-70","22"
"86","QuestionnaireItemSVGQuality7pt","<h2>Rauschen</h2> Bitte bewerten Sie das Rauschen der Audiodatei.","10-70","50"
"87","QuestionnaireItemMediaAudioRepeatable","<div class='invisible'> FileName: F2_C20.wav Type: Normal</div>","undefined",null
"87","QuestionnaireItemSVGQuality7pt","<h2>Gesamtqualität</h2> Bitte bewerten Sie die Gesamtqualität der Audiodatei.","10-70","58"
"87","QuestionnaireItemSVGQuality7pt","<h2>Klangfarbe</h2> Bitte bewerten Sie die Klangfarbe der Audiodatei.","10-70","20"
"87","QuestionnaireItemSVGQuality7pt","<h2>Diskontinuität</h2> Bitte bewerten Sie die Diskontinuität der Audiodatei.","10-70","20"
"87","QuestionnaireItemSVGQuality7pt","<h2>Lautstärke</h2> Bitte bewerten Sie die Lautstärke der Audiodatei.","10-70","22"
"87","QuestionnaireItemSVGQuality7pt","<h2>Rauschen</h2> Bitte bewerten Sie das Rauschen der Audiodatei.","10-70","20"
"88","QuestionnaireItemMediaAudioRepeatable","<div class='invisible'> FileName: F1_C33.wav Type: Normal</div>","undefined",null
"88","QuestionnaireItemSVGQuality7pt","<h2>Gesamtqualität</h2> Bitte bewerten Sie die Gesamtqualität der Audiodatei.","10-70","50"
"88","QuestionnaireItemSVGQuality7pt","<h2>Klangfarbe</h2> Bitte bewerten Sie die Klangfarbe der Audiodatei.","10-70","23"
"88","QuestionnaireItemSVGQuality7pt","<h2>Diskontinuität</h2> Bitte bewerten Sie die Diskontinuität der Audiodatei.","10-70","20"
"88","QuestionnaireItemSVGQuality7pt","<h2>Lautstärke</h2> Bitte bewerten Sie die Lautstärke der Audiodatei.","10-70","22"
"88","QuestionnaireItemSVGQuality7pt","<h2>Rauschen</h2> Bitte bewerten Sie das Rauschen der Audiodatei.","10-70","30"
"89","QuestionnaireItemMediaAudioRepeatable","<div class='invisible'> FileName: F1_C13.wav Type: Normal</div>","undefined",null
"89","QuestionnaireItemSVGQuality7pt","<h2>Gesamtqualität</h2> Bitte bewerten Sie die Gesamtqualität der Audiodatei.","10-70","32"
"89","QuestionnaireItemSVGQuality7pt","<h2>Klangfarbe</h2> Bitte bewerten Sie die Klangfarbe der Audiodatei.","10-70","42"
"89","QuestionnaireItemSVGQuality7pt","<h2>Diskontinuität</h2> Bitte bewerten Sie die Diskontinuität der Audiodatei.","10-70","25"
"89","QuestionnaireItemSVGQuality7pt","<h2>Lautstärke</h2> Bitte bewerten Sie die Lautstärke der Audiodatei.","10-70","25"
"89","QuestionnaireItemSVGQuality7pt","<h2>Rauschen</h2> Bitte bewerten Sie das Rauschen der Audiodatei.","10-70","30"
"90","QuestionnaireItemMediaAudioRepeatable","<div class='invisible'> FileName: M1_C54.wav Type: Normal</div>","undefined",null
"90","QuestionnaireItemSVGQuality7pt","<h2>Gesamtqualität</h2> Bitte bewerten Sie die Gesamtqualität der Audiodatei.","10-70","45"
"90","QuestionnaireItemSVGQuality7pt","<h2>Klangfarbe</h2> Bitte bewerten Sie die Klangfarbe der Audiodatei.","10-70","31"
"90","QuestionnaireItemSVGQuality7pt","<h2>Diskontinuität</h2> Bitte bewerten Sie die Diskontinuität der Audiodatei.","10-70","30"
"90","QuestionnaireItemSVGQuality7pt","<h2>Lautstärke</h2> Bitte bewerten Sie die Lautstärke der Audiodatei.","10-70","23"
"90","QuestionnaireItemSVGQuality7pt","<h2>Rauschen</h2> Bitte bewerten Sie das Rauschen der Audiodatei.","10-70","19"
"91","QuestionnaireItemMediaAudioRepeatable","<div class='invisible'> FileName: F1_C61.wav Type: Normal</div>","undefined",null
"91","QuestionnaireItemSVGQuality7pt","<h2>Gesamtqualität</h2> Bitte bewerten Sie die Gesamtqualität der Audiodatei.","10-70","48"
"91","QuestionnaireItemSVGQuality7pt","<h2>Klangfarbe</h2> Bitte bewerten Sie die Klangfarbe der Audiodatei.","10-70","27"
"91","QuestionnaireItemSVGQuality7pt","<h2>Diskontinuität</h2> Bitte bewerten Sie die Diskontinuität der Audiodatei.","10-70","20"
"91","QuestionnaireItemSVGQuality7pt","<h2>Lautstärke</h2> Bitte bewerten Sie die Lautstärke der Audiodatei.","10-70","48"
"91","QuestionnaireItemSVGQuality7pt","<h2>Rauschen</h2> Bitte bewerten Sie das Rauschen der Audiodatei.","10-70","20"
"92","QuestionnaireItemMediaAudioRepeatable","<div class='invisible'> FileName: F2_C60.wav Type: Normal</div>","undefined",null
"92","QuestionnaireItemSVGQuality7pt","<h2>Gesamtqualität</h2> Bitte bewerten Sie die Gesamtqualität der Audiodatei.","10-70","50"
"92","QuestionnaireItemSVGQuality7pt","<h2>Klangfarbe</h2> Bitte bewerten Sie die Klangfarbe der Audiodatei.","10-70","24"
"92","QuestionnaireItemSVGQuality7pt","<h2>Diskontinuität</h2> Bitte bewerten Sie die Diskontinuität der Audiodatei.","10-70","20"
"92","QuestionnaireItemSVGQuality7pt","<h2>Lautstärke</h2> Bitte bewerten Sie die Lautstärke der Audiodatei.","10-70","33"
"92","QuestionnaireItemSVGQuality7pt","<h2>Rauschen</h2> Bitte bewerten Sie das Rauschen der Audiodatei.","10-70","20"
"93","QuestionnaireItemMediaAudioRepeatable","<div class='invisible'> FileName: F1_C54.wav Type: Normal</div>","undefined",null
"93","QuestionnaireItemSVGQuality7pt","<h2>Gesamtqualität</h2> Bitte bewerten Sie die Gesamtqualität der Audiodatei.","10-70","44"
"93","QuestionnaireItemSVGQuality7pt","<h2>Klangfarbe</h2> Bitte bewerten Sie die Klangfarbe der Audiodatei.","10-70","30"
"93","QuestionnaireItemSVGQuality7pt","<h2>Diskontinuität</h2> Bitte bewerten Sie die Diskontinuität der Audiodatei.","10-70","30"
"93","QuestionnaireItemSVGQuality7pt","<h2>Lautstärke</h2> Bitte bewerten Sie die Lautstärke der Audiodatei.","10-70","24"
"93","QuestionnaireItemSVGQuality7pt","<h2>Rauschen</h2> Bitte bewerten Sie das Rauschen der Audiodatei.","10-70","20"
"94","QuestionnaireItemMediaAudioRepeatable","<div class='invisible'> FileName: M2_C22.wav Type: Normal</div>","undefined",null
"94","QuestionnaireItemSVGQuality7pt","<h2>Gesamtqualität</h2> Bitte bewerten Sie die Gesamtqualität der Audiodatei.","10-70","48"
"94","QuestionnaireItemSVGQuality7pt","<h2>Klangfarbe</h2> Bitte bewerten Sie die Klangfarbe der Audiodatei.","10-70","40"
"94","QuestionnaireItemSVGQuality7pt","<h2>Diskontinuität</h2> Bitte bewerten Sie die Diskontinuität der Audiodatei.","10-70","26"
"94","QuestionnaireItemSVGQuality7pt","<h2>Lautstärke</h2> Bitte bewerten Sie die Lautstärke der Audiodatei.","10-70","26"
"94","QuestionnaireItemSVGQuality7pt","<h2>Rauschen</h2> Bitte bewerten Sie das Rauschen der Audiodatei.","10-70","30"
"95","QuestionnaireItemMediaAudioRepeatable","<div class='invisible'> FileName: F1_C51.wav Type: Normal</div>","undefined",null
"95","QuestionnaireItemSVGQuality7pt","<h2>Gesamtqualität</h2> Bitte bewerten Sie die Gesamtqualität der Audiodatei.","10-70","33"
"95","QuestionnaireItemSVGQuality7pt","<h2>Klangfarbe</h2> Bitte bewerten Sie die Klangfarbe der Audiodatei.","10-70","30"
"95","QuestionnaireItemSVGQuality7pt","<h2>Diskontinuität</h2> Bitte bewerten Sie die Diskontinuität der Audiodatei.","10-70","24"
"95","QuestionnaireItemSVGQuality7pt","<h2>Lautstärke</h2> Bitte bewerten Sie die Lautstärke der Audiodatei.","10-70","34"
"95","QuestionnaireItemSVGQuality7pt","<h2>Rauschen</h2> Bitte bewerten Sie das Rauschen der Audiodatei.","10-70","40"
"96","QuestionnaireItemDefinedOne","<b>Wie identifizieren Sie sich?","männlich,weiblich,intersexuell/divers,keine Angabe","männlich"
"96","QuestionnaireItemSVGQuality7pt","Fühlen Sie sich romantisch zu Frauen bzw. weiblichen/femininen Personen hingezogen?","10-70","56"
"96","QuestionnaireItemSVGQuality7pt","Fühlen Sie sich romantisch zu Männern bzw. männlichen/maskulinen Personen hingezogen?","10-70","22"
"96","QuestionnaireItemDefinedOne","<b>Was ist Ihr höchster erreichter Bildungsabschluss?","Universitäts- oder Fachhochschulabschluss,abgeschlossene Berufsausbildung,Fachhochschul- oder Hochschulreife (Abitur),Realschul- oder gleichwertiger Abschluss,Haupt- (Volks)schulabschluss,Noch in schulischer Ausbildung,keine der genannten","Fachhochschul- oder Hochschulreife (Abitur)"
"96","QuestionnaireItemDefinedOne","<b>Sind Sie hungrig?","Ja,Nein","Ja"
"96","QuestionnaireItemText","<b> Vor wie vielen Stunden haben Sie zuletzt gegessen?","undefined","6"
"96","QuestionnaireItemText","<b> Wie viele Stunden haben Sie letzte Nacht geschlafen?","undefined","8"
"96","QuestionnaireItemSVGQuality7pt","<b>Hatten oder haben Sie heute Zeitdruck?","10-70","50"
"96","QuestionnaireItemSVGQuality7pt","<b>Wie wichtig ist Ihnen Audio- bzw. Telefonqualität?","10-70","58"
"96","QuestionnaireItemSVGQuality7pt","Elektronische Geräte helfen, an Informationen zu gelangen.","10-70","60"
"96","QuestionnaireItemSVGQuality7pt","Elektronische Geräte ermöglichen einen hohen Lebensstandard.","10-70","60"
"96","QuestionnaireItemSVGQuality7pt","Elektronische Geräte erhöhen die Sicherheit.","10-70","55"
"96","QuestionnaireItemSVGQuality7pt","Elektronische Geräte machen unabhängig.","10-70","33"
"96","QuestionnaireItemSVGQuality7pt","Elektronische Geräte erleichtern mir den Alltag.","10-70","56"
"96","QuestionnaireItemSVGQuality7pt","","10-70","44"
"96","QuestionnaireItemSVGQuality7pt","","10-70","49"
"96","QuestionnaireItemSVGQuality7pt","<b>Hat sich Ihre Stimmung während der Befragung geändert?","10-70","38"
"96","QuestionnaireItemTextArea","Anmerkung (z.B. an welcher Stelle oder aus welchem Grund?)","undefined","die Kinder-Geräusche im Hintergrund haben mich genervt"
